SERIES,GEOGRAPHY,TIME_PERIOD,OBS_VALUE
dcs:who/W-MM_Group,dcid:country/AFG,2012,2.0
dcs:who/W-MM_Group,dcid:country/AFG,2020,2.0
dcs:who/W-MM_Group,dcid:country/AFG,2018,2.0
dcs:who/W-MM_Group,dcid:country/AFG,2014,2.0
dcs:who/W-MM_Group,dcid:country/AFG,2016,2.0
dcs:who/W-MM_Group,dcid:country/AFG,2010,1.0
dcs:who/W-MM_Group,dcid:country/AFG,2022,2.0
dcs:who/W-MM_Group,dcid:country/AGO,2014,2.0
dcs:who/W-MM_Group,dcid:country/AGO,2018,1.0
dcs:who/W-MM_Group,dcid:country/AGO,2020,5.0
dcs:who/W-MM_Group,dcid:country/AGO,2012,2.0
dcs:who/W-MM_Group,dcid:country/AGO,2016,2.0
dcs:who/W-MM_Group,dcid:country/AGO,2010,2.0
dcs:who/W-MM_Group,dcid:country/AGO,2022,2.0
dcs:who/W-MM_Group,dcid:country/ALB,2012,2.0
dcs:who/W-MM_Group,dcid:country/ALB,2018,2.0
dcs:who/W-MM_Group,dcid:country/ALB,2010,5.0
dcs:who/W-MM_Group,dcid:country/ALB,2016,3.0
dcs:who/W-MM_Group,dcid:country/ALB,2020,2.0
dcs:who/W-MM_Group,dcid:country/ALB,2022,2.0
dcs:who/W-MM_Group,dcid:country/ALB,2014,2.0
dcs:who/W-MM_Group,dcid:country/AND,2012,2.0
dcs:who/W-MM_Group,dcid:country/AND,2018,2.0
dcs:who/W-MM_Group,dcid:country/AND,2010,1.0
dcs:who/W-MM_Group,dcid:country/AND,2016,2.0
dcs:who/W-MM_Group,dcid:country/AND,2020,2.0
dcs:who/W-MM_Group,dcid:country/AND,2022,2.0
dcs:who/W-MM_Group,dcid:country/AND,2014,2.0
dcs:who/W-MM_Group,dcid:country/ARE,2012,1.0
dcs:who/W-MM_Group,dcid:country/ARE,2018,2.0
dcs:who/W-MM_Group,dcid:country/ARE,2010,4.0
dcs:who/W-MM_Group,dcid:country/ARE,2016,4.0
dcs:who/W-MM_Group,dcid:country/ARE,2020,4.0
dcs:who/W-MM_Group,dcid:country/ARE,2022,2.0
dcs:who/W-MM_Group,dcid:country/ARE,2014,4.0
dcs:who/W-MM_Group,dcid:country/ARG,2020,2.0
dcs:who/W-MM_Group,dcid:country/ARG,2014,4.0
dcs:who/W-MM_Group,dcid:country/ARG,2018,3.0
dcs:who/W-MM_Group,dcid:country/ARG,2012,2.0
dcs:who/W-MM_Group,dcid:country/ARG,2010,4.0
dcs:who/W-MM_Group,dcid:country/ARG,2022,2.0
dcs:who/W-MM_Group,dcid:country/ARG,2016,4.0
dcs:who/W-MM_Group,dcid:country/ARM,2012,1.0
dcs:who/W-MM_Group,dcid:country/ARM,2018,1.0
dcs:who/W-MM_Group,dcid:country/ARM,2010,2.0
dcs:who/W-MM_Group,dcid:country/ARM,2016,1.0
dcs:who/W-MM_Group,dcid:country/ARM,2020,4.0
dcs:who/W-MM_Group,dcid:country/ARM,2022,3.0
dcs:who/W-MM_Group,dcid:country/ARM,2014,4.0
dcs:who/W-MM_Group,dcid:country/ATG,2020,4.0
dcs:who/W-MM_Group,dcid:country/ATG,2014,2.0
dcs:who/W-MM_Group,dcid:country/ATG,2018,2.0
dcs:who/W-MM_Group,dcid:country/ATG,2012,2.0
dcs:who/W-MM_Group,dcid:country/ATG,2010,1.0
dcs:who/W-MM_Group,dcid:country/ATG,2022,3.0
dcs:who/W-MM_Group,dcid:country/ATG,2016,3.0
dcs:who/W-MM_Group,dcid:country/AUS,2014,5.0
dcs:who/W-MM_Group,dcid:country/AUS,2016,5.0
dcs:who/W-MM_Group,dcid:country/AUS,2018,5.0
dcs:who/W-MM_Group,dcid:country/AUS,2020,2.0
dcs:who/W-MM_Group,dcid:country/AUS,2012,5.0
dcs:who/W-MM_Group,dcid:country/AUS,2010,5.0
dcs:who/W-MM_Group,dcid:country/AUS,2022,2.0
dcs:who/W-MM_Group,dcid:country/AUT,2012,2.0
dcs:who/W-MM_Group,dcid:country/AUT,2018,5.0
dcs:who/W-MM_Group,dcid:country/AUT,2010,2.0
dcs:who/W-MM_Group,dcid:country/AUT,2016,5.0
dcs:who/W-MM_Group,dcid:country/AUT,2020,4.0
dcs:who/W-MM_Group,dcid:country/AUT,2022,2.0
dcs:who/W-MM_Group,dcid:country/AUT,2014,2.0
dcs:who/W-MM_Group,dcid:country/AZE,2012,2.0
dcs:who/W-MM_Group,dcid:country/AZE,2018,4.0
dcs:who/W-MM_Group,dcid:country/AZE,2010,2.0
dcs:who/W-MM_Group,dcid:country/AZE,2016,2.0
dcs:who/W-MM_Group,dcid:country/AZE,2020,2.0
dcs:who/W-MM_Group,dcid:country/AZE,2022,4.0
dcs:who/W-MM_Group,dcid:country/AZE,2014,2.0
dcs:who/W-MM_Group,dcid:country/BDI,2018,2.0
dcs:who/W-MM_Group,dcid:country/BDI,2014,2.0
dcs:who/W-MM_Group,dcid:country/BDI,2020,2.0
dcs:who/W-MM_Group,dcid:country/BDI,2012,2.0
dcs:who/W-MM_Group,dcid:country/BDI,2010,2.0
dcs:who/W-MM_Group,dcid:country/BDI,2022,2.0
dcs:who/W-MM_Group,dcid:country/BDI,2016,1.0
dcs:who/W-MM_Group,dcid:country/BEL,2012,2.0
dcs:who/W-MM_Group,dcid:country/BEL,2018,2.0
dcs:who/W-MM_Group,dcid:country/BEL,2010,2.0
dcs:who/W-MM_Group,dcid:country/BEL,2016,4.0
dcs:who/W-MM_Group,dcid:country/BEL,2020,2.0
dcs:who/W-MM_Group,dcid:country/BEL,2022,2.0
dcs:who/W-MM_Group,dcid:country/BEL,2014,2.0
dcs:who/W-MM_Group,dcid:country/BEN,2014,4.0
dcs:who/W-MM_Group,dcid:country/BEN,2018,2.0
dcs:who/W-MM_Group,dcid:country/BEN,2020,2.0
dcs:who/W-MM_Group,dcid:country/BEN,2012,4.0
dcs:who/W-MM_Group,dcid:country/BEN,2016,1.0
dcs:who/W-MM_Group,dcid:country/BEN,2010,2.0
dcs:who/W-MM_Group,dcid:country/BEN,2022,3.0
dcs:who/W-MM_Group,dcid:country/BFA,2014,2.0
dcs:who/W-MM_Group,dcid:country/BFA,2018,2.0
dcs:who/W-MM_Group,dcid:country/BFA,2020,2.0
dcs:who/W-MM_Group,dcid:country/BFA,2012,2.0
dcs:who/W-MM_Group,dcid:country/BFA,2016,2.0
dcs:who/W-MM_Group,dcid:country/BFA,2010,2.0
dcs:who/W-MM_Group,dcid:country/BFA,2022,2.0
dcs:who/W-MM_Group,dcid:country/BGD,2014,5.0
dcs:who/W-MM_Group,dcid:country/BGD,2012,5.0
dcs:who/W-MM_Group,dcid:country/BGD,2020,4.0
dcs:who/W-MM_Group,dcid:country/BGD,2018,4.0
dcs:who/W-MM_Group,dcid:country/BGD,2022,4.0
dcs:who/W-MM_Group,dcid:country/BGD,2016,5.0
dcs:who/W-MM_Group,dcid:country/BGD,2010,2.0
dcs:who/W-MM_Group,dcid:country/BGR,2012,4.0
dcs:who/W-MM_Group,dcid:country/BGR,2018,2.0
dcs:who/W-MM_Group,dcid:country/BGR,2010,2.0
dcs:who/W-MM_Group,dcid:country/BGR,2016,2.0
dcs:who/W-MM_Group,dcid:country/BGR,2020,2.0
dcs:who/W-MM_Group,dcid:country/BGR,2022,2.0
dcs:who/W-MM_Group,dcid:country/BGR,2014,4.0
dcs:who/W-MM_Group,dcid:country/BHR,2012,5.0
dcs:who/W-MM_Group,dcid:country/BHR,2020,4.0
dcs:who/W-MM_Group,dcid:country/BHR,2018,3.0
dcs:who/W-MM_Group,dcid:country/BHR,2014,2.0
dcs:who/W-MM_Group,dcid:country/BHR,2016,3.0
dcs:who/W-MM_Group,dcid:country/BHR,2010,4.0
dcs:who/W-MM_Group,dcid:country/BHR,2022,5.0
dcs:who/W-MM_Group,dcid:country/BHS,2020,2.0
dcs:who/W-MM_Group,dcid:country/BHS,2014,2.0
dcs:who/W-MM_Group,dcid:country/BHS,2018,2.0
dcs:who/W-MM_Group,dcid:country/BHS,2012,2.0
dcs:who/W-MM_Group,dcid:country/BHS,2016,2.0
dcs:who/W-MM_Group,dcid:country/BHS,2022,2.0
dcs:who/W-MM_Group,dcid:country/BHS,2010,2.0
dcs:who/W-MM_Group,dcid:country/BIH,2012,2.0
dcs:who/W-MM_Group,dcid:country/BIH,2018,2.0
dcs:who/W-MM_Group,dcid:country/BIH,2010,2.0
dcs:who/W-MM_Group,dcid:country/BIH,2016,1.0
dcs:who/W-MM_Group,dcid:country/BIH,2020,4.0
dcs:who/W-MM_Group,dcid:country/BIH,2022,2.0
dcs:who/W-MM_Group,dcid:country/BIH,2014,2.0
dcs:who/W-MM_Group,dcid:country/BLR,2012,5.0
dcs:who/W-MM_Group,dcid:country/BLR,2018,5.0
dcs:who/W-MM_Group,dcid:country/BLR,2010,2.0
dcs:who/W-MM_Group,dcid:country/BLR,2016,1.0
dcs:who/W-MM_Group,dcid:country/BLR,2020,5.0
dcs:who/W-MM_Group,dcid:country/BLR,2022,4.0
dcs:who/W-MM_Group,dcid:country/BLR,2014,5.0
dcs:who/W-MM_Group,dcid:country/BLZ,2020,2.0
dcs:who/W-MM_Group,dcid:country/BLZ,2014,2.0
dcs:who/W-MM_Group,dcid:country/BLZ,2018,2.0
dcs:who/W-MM_Group,dcid:country/BLZ,2012,2.0
dcs:who/W-MM_Group,dcid:country/BLZ,2010,2.0
dcs:who/W-MM_Group,dcid:country/BLZ,2022,2.0
dcs:who/W-MM_Group,dcid:country/BLZ,2016,1.0
dcs:who/W-MM_Group,dcid:country/BOL,2020,4.0
dcs:who/W-MM_Group,dcid:country/BOL,2018,4.0
dcs:who/W-MM_Group,dcid:country/BOL,2014,2.0
dcs:who/W-MM_Group,dcid:country/BOL,2012,3.0
dcs:who/W-MM_Group,dcid:country/BOL,2016,2.0
dcs:who/W-MM_Group,dcid:country/BOL,2010,2.0
dcs:who/W-MM_Group,dcid:country/BOL,2022,2.0
dcs:who/W-MM_Group,dcid:country/BRA,2020,3.0
dcs:who/W-MM_Group,dcid:country/BRA,2014,4.0
dcs:who/W-MM_Group,dcid:country/BRA,2018,5.0
dcs:who/W-MM_Group,dcid:country/BRA,2012,3.0
dcs:who/W-MM_Group,dcid:country/BRA,2010,3.0
dcs:who/W-MM_Group,dcid:country/BRA,2022,3.0
dcs:who/W-MM_Group,dcid:country/BRA,2016,3.0
dcs:who/W-MM_Group,dcid:country/BRB,2020,2.0
dcs:who/W-MM_Group,dcid:country/BRB,2018,2.0
dcs:who/W-MM_Group,dcid:country/BRB,2014,2.0
dcs:who/W-MM_Group,dcid:country/BRB,2012,2.0
dcs:who/W-MM_Group,dcid:country/BRB,2010,5.0
dcs:who/W-MM_Group,dcid:country/BRB,2022,2.0
dcs:who/W-MM_Group,dcid:country/BRB,2016,2.0
dcs:who/W-MM_Group,dcid:country/BRN,2014,4.0
dcs:who/W-MM_Group,dcid:country/BRN,2012,2.0
dcs:who/W-MM_Group,dcid:country/BRN,2018,5.0
dcs:who/W-MM_Group,dcid:country/BRN,2022,4.0
dcs:who/W-MM_Group,dcid:country/BRN,2010,4.0
dcs:who/W-MM_Group,dcid:country/BRN,2016,2.0
dcs:who/W-MM_Group,dcid:country/BRN,2020,4.0
dcs:who/W-MM_Group,dcid:country/BTN,2012,5.0
dcs:who/W-MM_Group,dcid:country/BTN,2020,2.0
dcs:who/W-MM_Group,dcid:country/BTN,2018,2.0
dcs:who/W-MM_Group,dcid:country/BTN,2022,2.0
dcs:who/W-MM_Group,dcid:country/BTN,2010,5.0
dcs:who/W-MM_Group,dcid:country/BTN,2016,2.0
dcs:who/W-MM_Group,dcid:country/BTN,2014,5.0
dcs:who/W-MM_Group,dcid:country/BWA,2014,2.0
dcs:who/W-MM_Group,dcid:country/BWA,2018,3.0
dcs:who/W-MM_Group,dcid:country/BWA,2020,4.0
dcs:who/W-MM_Group,dcid:country/BWA,2012,1.0
dcs:who/W-MM_Group,dcid:country/BWA,2016,2.0
dcs:who/W-MM_Group,dcid:country/BWA,2022,3.0
dcs:who/W-MM_Group,dcid:country/BWA,2010,4.0
dcs:who/W-MM_Group,dcid:country/CAF,2020,2.0
dcs:who/W-MM_Group,dcid:country/CAF,2014,4.0
dcs:who/W-MM_Group,dcid:country/CAF,2018,2.0
dcs:who/W-MM_Group,dcid:country/CAF,2012,1.0
dcs:who/W-MM_Group,dcid:country/CAF,2016,1.0
dcs:who/W-MM_Group,dcid:country/CAF,2010,2.0
dcs:who/W-MM_Group,dcid:country/CAF,2022,2.0
dcs:who/W-MM_Group,dcid:country/CAN,2012,2.0
dcs:who/W-MM_Group,dcid:country/CAN,2020,4.0
dcs:who/W-MM_Group,dcid:country/CAN,2018,2.0
dcs:who/W-MM_Group,dcid:country/CAN,2014,2.0
dcs:who/W-MM_Group,dcid:country/CAN,2016,2.0
dcs:who/W-MM_Group,dcid:country/CAN,2010,2.0
dcs:who/W-MM_Group,dcid:country/CAN,2022,4.0
dcs:who/W-MM_Group,dcid:country/CHE,2012,5.0
dcs:who/W-MM_Group,dcid:country/CHE,2020,2.0
dcs:who/W-MM_Group,dcid:country/CHE,2018,5.0
dcs:who/W-MM_Group,dcid:country/CHE,2016,5.0
dcs:who/W-MM_Group,dcid:country/CHE,2010,5.0
dcs:who/W-MM_Group,dcid:country/CHE,2022,2.0
dcs:who/W-MM_Group,dcid:country/CHE,2014,2.0
dcs:who/W-MM_Group,dcid:country/CHL,2012,4.0
dcs:who/W-MM_Group,dcid:country/CHL,2020,4.0
dcs:who/W-MM_Group,dcid:country/CHL,2018,4.0
dcs:who/W-MM_Group,dcid:country/CHL,2014,1.0
dcs:who/W-MM_Group,dcid:country/CHL,2016,2.0
dcs:who/W-MM_Group,dcid:country/CHL,2010,2.0
dcs:who/W-MM_Group,dcid:country/CHL,2022,4.0
dcs:who/W-MM_Group,dcid:country/CHN,2016,5.0
dcs:who/W-MM_Group,dcid:country/CHN,2020,5.0
dcs:who/W-MM_Group,dcid:country/CHN,2012,5.0
dcs:who/W-MM_Group,dcid:country/CHN,2018,4.0
dcs:who/W-MM_Group,dcid:country/CHN,2022,4.0
dcs:who/W-MM_Group,dcid:country/CHN,2010,2.0
dcs:who/W-MM_Group,dcid:country/CHN,2014,5.0
dcs:who/W-MM_Group,dcid:country/CIV,2020,4.0
dcs:who/W-MM_Group,dcid:country/CIV,2014,4.0
dcs:who/W-MM_Group,dcid:country/CIV,2018,4.0
dcs:who/W-MM_Group,dcid:country/CIV,2012,2.0
dcs:who/W-MM_Group,dcid:country/CIV,2016,4.0
dcs:who/W-MM_Group,dcid:country/CIV,2010,3.0
dcs:who/W-MM_Group,dcid:country/CIV,2022,4.0
dcs:who/W-MM_Group,dcid:country/CMR,2020,2.0
dcs:who/W-MM_Group,dcid:country/CMR,2014,5.0
dcs:who/W-MM_Group,dcid:country/CMR,2018,1.0
dcs:who/W-MM_Group,dcid:country/CMR,2012,2.0
dcs:who/W-MM_Group,dcid:country/CMR,2010,2.0
dcs:who/W-MM_Group,dcid:country/CMR,2016,5.0
dcs:who/W-MM_Group,dcid:country/CMR,2022,4.0
dcs:who/W-MM_Group,dcid:country/COD,2020,2.0
dcs:who/W-MM_Group,dcid:country/COD,2014,1.0
dcs:who/W-MM_Group,dcid:country/COD,2018,2.0
dcs:who/W-MM_Group,dcid:country/COD,2012,2.0
dcs:who/W-MM_Group,dcid:country/COD,2016,2.0
dcs:who/W-MM_Group,dcid:country/COD,2010,1.0
dcs:who/W-MM_Group,dcid:country/COD,2022,2.0
dcs:who/W-MM_Group,dcid:country/COG,2020,2.0
dcs:who/W-MM_Group,dcid:country/COG,2014,2.0
dcs:who/W-MM_Group,dcid:country/COG,2018,2.0
dcs:who/W-MM_Group,dcid:country/COG,2012,2.0
dcs:who/W-MM_Group,dcid:country/COG,2010,2.0
dcs:who/W-MM_Group,dcid:country/COG,2016,2.0
dcs:who/W-MM_Group,dcid:country/COG,2022,2.0
dcs:who/W-MM_Group,dcid:country/COK,2014,2.0
dcs:who/W-MM_Group,dcid:country/COK,2018,2.0
dcs:who/W-MM_Group,dcid:country/COK,2012,2.0
dcs:who/W-MM_Group,dcid:country/COK,2020,2.0
dcs:who/W-MM_Group,dcid:country/COK,2022,2.0
dcs:who/W-MM_Group,dcid:country/COK,2010,2.0
dcs:who/W-MM_Group,dcid:country/COK,2016,2.0
dcs:who/W-MM_Group,dcid:country/COL,2020,3.0
dcs:who/W-MM_Group,dcid:country/COL,2018,1.0
dcs:who/W-MM_Group,dcid:country/COL,2014,5.0
dcs:who/W-MM_Group,dcid:country/COL,2012,4.0
dcs:who/W-MM_Group,dcid:country/COL,2010,5.0
dcs:who/W-MM_Group,dcid:country/COL,2022,2.0
dcs:who/W-MM_Group,dcid:country/COL,2016,5.0
dcs:who/W-MM_Group,dcid:country/COM,2020,2.0
dcs:who/W-MM_Group,dcid:country/COM,2014,2.0
dcs:who/W-MM_Group,dcid:country/COM,2018,2.0
dcs:who/W-MM_Group,dcid:country/COM,2012,1.0
dcs:who/W-MM_Group,dcid:country/COM,2016,2.0
dcs:who/W-MM_Group,dcid:country/COM,2010,2.0
dcs:who/W-MM_Group,dcid:country/COM,2022,2.0
dcs:who/W-MM_Group,dcid:country/CPV,2020,5.0
dcs:who/W-MM_Group,dcid:country/CPV,2014,2.0
dcs:who/W-MM_Group,dcid:country/CPV,2018,4.0
dcs:who/W-MM_Group,dcid:country/CPV,2012,2.0
dcs:who/W-MM_Group,dcid:country/CPV,2016,2.0
dcs:who/W-MM_Group,dcid:country/CPV,2010,2.0
dcs:who/W-MM_Group,dcid:country/CPV,2022,2.0
dcs:who/W-MM_Group,dcid:country/CRI,2012,5.0
dcs:who/W-MM_Group,dcid:country/CRI,2020,5.0
dcs:who/W-MM_Group,dcid:country/CRI,2018,5.0
dcs:who/W-MM_Group,dcid:country/CRI,2014,4.0
dcs:who/W-MM_Group,dcid:country/CRI,2022,2.0
dcs:who/W-MM_Group,dcid:country/CRI,2016,5.0
dcs:who/W-MM_Group,dcid:country/CRI,2010,2.0
dcs:who/W-MM_Group,dcid:country/CUB,2012,5.0
dcs:who/W-MM_Group,dcid:country/CUB,2020,5.0
dcs:who/W-MM_Group,dcid:country/CUB,2018,1.0
dcs:who/W-MM_Group,dcid:country/CUB,2014,5.0
dcs:who/W-MM_Group,dcid:country/CUB,2022,5.0
dcs:who/W-MM_Group,dcid:country/CUB,2010,5.0
dcs:who/W-MM_Group,dcid:country/CUB,2016,1.0
dcs:who/W-MM_Group,dcid:country/CYP,2012,3.0
dcs:who/W-MM_Group,dcid:country/CYP,2018,5.0
dcs:who/W-MM_Group,dcid:country/CYP,2010,1.0
dcs:who/W-MM_Group,dcid:country/CYP,2014,2.0
dcs:who/W-MM_Group,dcid:country/CYP,2016,4.0
dcs:who/W-MM_Group,dcid:country/CYP,2020,4.0
dcs:who/W-MM_Group,dcid:country/CYP,2022,4.0
dcs:who/W-MM_Group,dcid:country/CZE,2012,3.0
dcs:who/W-MM_Group,dcid:country/CZE,2018,4.0
dcs:who/W-MM_Group,dcid:country/CZE,2010,4.0
dcs:who/W-MM_Group,dcid:country/CZE,2014,4.0
dcs:who/W-MM_Group,dcid:country/CZE,2016,2.0
dcs:who/W-MM_Group,dcid:country/CZE,2020,4.0
dcs:who/W-MM_Group,dcid:country/CZE,2022,3.0
dcs:who/W-MM_Group,dcid:country/DEU,2012,4.0
dcs:who/W-MM_Group,dcid:country/DEU,2020,4.0
dcs:who/W-MM_Group,dcid:country/DEU,2018,5.0
dcs:who/W-MM_Group,dcid:country/DEU,2010,5.0
dcs:who/W-MM_Group,dcid:country/DEU,2016,4.0
dcs:who/W-MM_Group,dcid:country/DEU,2022,4.0
dcs:who/W-MM_Group,dcid:country/DEU,2014,4.0
dcs:who/W-MM_Group,dcid:country/DJI,2012,2.0
dcs:who/W-MM_Group,dcid:country/DJI,2014,4.0
dcs:who/W-MM_Group,dcid:country/DJI,2020,2.0
dcs:who/W-MM_Group,dcid:country/DJI,2018,2.0
dcs:who/W-MM_Group,dcid:country/DJI,2016,1.0
dcs:who/W-MM_Group,dcid:country/DJI,2010,2.0
dcs:who/W-MM_Group,dcid:country/DJI,2022,2.0
dcs:who/W-MM_Group,dcid:country/DMA,2012,5.0
dcs:who/W-MM_Group,dcid:country/DMA,2020,2.0
dcs:who/W-MM_Group,dcid:country/DMA,2018,4.0
dcs:who/W-MM_Group,dcid:country/DMA,2014,1.0
dcs:who/W-MM_Group,dcid:country/DMA,2010,1.0
dcs:who/W-MM_Group,dcid:country/DMA,2022,2.0
dcs:who/W-MM_Group,dcid:country/DMA,2016,1.0
dcs:who/W-MM_Group,dcid:country/DNK,2012,1.0
dcs:who/W-MM_Group,dcid:country/DNK,2020,4.0
dcs:who/W-MM_Group,dcid:country/DNK,2018,4.0
dcs:who/W-MM_Group,dcid:country/DNK,2010,5.0
dcs:who/W-MM_Group,dcid:country/DNK,2016,5.0
dcs:who/W-MM_Group,dcid:country/DNK,2022,2.0
dcs:who/W-MM_Group,dcid:country/DNK,2014,2.0
dcs:who/W-MM_Group,dcid:country/DOM,2012,2.0
dcs:who/W-MM_Group,dcid:country/DOM,2020,2.0
dcs:who/W-MM_Group,dcid:country/DOM,2018,2.0
dcs:who/W-MM_Group,dcid:country/DOM,2014,2.0
dcs:who/W-MM_Group,dcid:country/DOM,2022,2.0
dcs:who/W-MM_Group,dcid:country/DOM,2010,2.0
dcs:who/W-MM_Group,dcid:country/DOM,2016,2.0
dcs:who/W-MM_Group,dcid:country/DZA,2014,2.0
dcs:who/W-MM_Group,dcid:country/DZA,2018,1.0
dcs:who/W-MM_Group,dcid:country/DZA,2020,1.0
dcs:who/W-MM_Group,dcid:country/DZA,2012,2.0
dcs:who/W-MM_Group,dcid:country/DZA,2016,1.0
dcs:who/W-MM_Group,dcid:country/DZA,2010,2.0
dcs:who/W-MM_Group,dcid:country/DZA,2022,4.0
dcs:who/W-MM_Group,dcid:country/ECU,2012,2.0
dcs:who/W-MM_Group,dcid:country/ECU,2020,2.0
dcs:who/W-MM_Group,dcid:country/ECU,2014,2.0
dcs:who/W-MM_Group,dcid:country/ECU,2018,2.0
dcs:who/W-MM_Group,dcid:country/ECU,2010,2.0
dcs:who/W-MM_Group,dcid:country/ECU,2022,2.0
dcs:who/W-MM_Group,dcid:country/ECU,2016,2.0
dcs:who/W-MM_Group,dcid:country/EGY,2012,5.0
dcs:who/W-MM_Group,dcid:country/EGY,2014,2.0
dcs:who/W-MM_Group,dcid:country/EGY,2020,3.0
dcs:who/W-MM_Group,dcid:country/EGY,2018,2.0
dcs:who/W-MM_Group,dcid:country/EGY,2016,2.0
dcs:who/W-MM_Group,dcid:country/EGY,2010,5.0
dcs:who/W-MM_Group,dcid:country/EGY,2022,3.0
dcs:who/W-MM_Group,dcid:country/ERI,2020,2.0
dcs:who/W-MM_Group,dcid:country/ERI,2014,2.0
dcs:who/W-MM_Group,dcid:country/ERI,2018,2.0
dcs:who/W-MM_Group,dcid:country/ERI,2012,2.0
dcs:who/W-MM_Group,dcid:country/ERI,2016,1.0
dcs:who/W-MM_Group,dcid:country/ERI,2010,4.0
dcs:who/W-MM_Group,dcid:country/ERI,2022,2.0
dcs:who/W-MM_Group,dcid:country/ESP,2012,2.0
dcs:who/W-MM_Group,dcid:country/ESP,2020,4.0
dcs:who/W-MM_Group,dcid:country/ESP,2018,2.0
dcs:who/W-MM_Group,dcid:country/ESP,2010,2.0
dcs:who/W-MM_Group,dcid:country/ESP,2016,2.0
dcs:who/W-MM_Group,dcid:country/ESP,2022,4.0
dcs:who/W-MM_Group,dcid:country/ESP,2014,2.0
dcs:who/W-MM_Group,dcid:country/EST,2012,2.0
dcs:who/W-MM_Group,dcid:country/EST,2020,5.0
dcs:who/W-MM_Group,dcid:country/EST,2018,5.0
dcs:who/W-MM_Group,dcid:country/EST,2016,5.0
dcs:who/W-MM_Group,dcid:country/EST,2010,1.0
dcs:who/W-MM_Group,dcid:country/EST,2022,5.0
dcs:who/W-MM_Group,dcid:country/EST,2014,2.0
dcs:who/W-MM_Group,dcid:country/ETH,2020,5.0
dcs:who/W-MM_Group,dcid:country/ETH,2014,2.0
dcs:who/W-MM_Group,dcid:country/ETH,2018,4.0
dcs:who/W-MM_Group,dcid:country/ETH,2012,3.0
dcs:who/W-MM_Group,dcid:country/ETH,2016,4.0
dcs:who/W-MM_Group,dcid:country/ETH,2010,2.0
dcs:who/W-MM_Group,dcid:country/ETH,2022,5.0
dcs:who/W-MM_Group,dcid:country/FIN,2012,3.0
dcs:who/W-MM_Group,dcid:country/FIN,2020,4.0
dcs:who/W-MM_Group,dcid:country/FIN,2018,3.0
dcs:who/W-MM_Group,dcid:country/FIN,2010,5.0
dcs:who/W-MM_Group,dcid:country/FIN,2016,1.0
dcs:who/W-MM_Group,dcid:country/FIN,2022,3.0
dcs:who/W-MM_Group,dcid:country/FIN,2014,5.0
dcs:who/W-MM_Group,dcid:country/FJI,2020,3.0
dcs:who/W-MM_Group,dcid:country/FJI,2012,3.0
dcs:who/W-MM_Group,dcid:country/FJI,2018,5.0
dcs:who/W-MM_Group,dcid:country/FJI,2022,2.0
dcs:who/W-MM_Group,dcid:country/FJI,2010,2.0
dcs:who/W-MM_Group,dcid:country/FJI,2016,5.0
dcs:who/W-MM_Group,dcid:country/FJI,2014,4.0
dcs:who/W-MM_Group,dcid:country/FRA,2012,4.0
dcs:who/W-MM_Group,dcid:country/FRA,2020,5.0
dcs:who/W-MM_Group,dcid:country/FRA,2018,5.0
dcs:who/W-MM_Group,dcid:country/FRA,2010,3.0
dcs:who/W-MM_Group,dcid:country/FRA,2016,1.0
dcs:who/W-MM_Group,dcid:country/FRA,2022,5.0
dcs:who/W-MM_Group,dcid:country/FRA,2014,4.0
dcs:who/W-MM_Group,dcid:country/FSM,2010,2.0
dcs:who/W-MM_Group,dcid:country/FSM,2014,2.0
dcs:who/W-MM_Group,dcid:country/FSM,2016,2.0
dcs:who/W-MM_Group,dcid:country/FSM,2018,2.0
dcs:who/W-MM_Group,dcid:country/FSM,2012,2.0
dcs:who/W-MM_Group,dcid:country/FSM,2020,2.0
dcs:who/W-MM_Group,dcid:country/FSM,2022,2.0
dcs:who/W-MM_Group,dcid:country/GAB,2020,2.0
dcs:who/W-MM_Group,dcid:country/GAB,2014,2.0
dcs:who/W-MM_Group,dcid:country/GAB,2018,2.0
dcs:who/W-MM_Group,dcid:country/GAB,2012,2.0
dcs:who/W-MM_Group,dcid:country/GAB,2016,2.0
dcs:who/W-MM_Group,dcid:country/GAB,2010,1.0
dcs:who/W-MM_Group,dcid:country/GAB,2022,4.0
dcs:who/W-MM_Group,dcid:country/GBR,2012,5.0
dcs:who/W-MM_Group,dcid:country/GBR,2020,5.0
dcs:who/W-MM_Group,dcid:country/GBR,2018,5.0
dcs:who/W-MM_Group,dcid:country/GBR,2010,5.0
dcs:who/W-MM_Group,dcid:country/GBR,2016,5.0
dcs:who/W-MM_Group,dcid:country/GBR,2022,5.0
dcs:who/W-MM_Group,dcid:country/GBR,2014,5.0
dcs:who/W-MM_Group,dcid:country/GEO,2012,5.0
dcs:who/W-MM_Group,dcid:country/GEO,2020,5.0
dcs:who/W-MM_Group,dcid:country/GEO,2018,5.0
dcs:who/W-MM_Group,dcid:country/GEO,2016,4.0
dcs:who/W-MM_Group,dcid:country/GEO,2010,4.0
dcs:who/W-MM_Group,dcid:country/GEO,2022,4.0
dcs:who/W-MM_Group,dcid:country/GEO,2014,2.0
dcs:who/W-MM_Group,dcid:country/GHA,2020,5.0
dcs:who/W-MM_Group,dcid:country/GHA,2014,5.0
dcs:who/W-MM_Group,dcid:country/GHA,2018,4.0
dcs:who/W-MM_Group,dcid:country/GHA,2012,5.0
dcs:who/W-MM_Group,dcid:country/GHA,2010,2.0
dcs:who/W-MM_Group,dcid:country/GHA,2022,4.0
dcs:who/W-MM_Group,dcid:country/GHA,2016,2.0
dcs:who/W-MM_Group,dcid:country/GIN,2020,2.0
dcs:who/W-MM_Group,dcid:country/GIN,2014,2.0
dcs:who/W-MM_Group,dcid:country/GIN,2018,2.0
dcs:who/W-MM_Group,dcid:country/GIN,2012,2.0
dcs:who/W-MM_Group,dcid:country/GIN,2010,4.0
dcs:who/W-MM_Group,dcid:country/GIN,2022,2.0
dcs:who/W-MM_Group,dcid:country/GIN,2016,2.0
dcs:who/W-MM_Group,dcid:country/GMB,2020,4.0
dcs:who/W-MM_Group,dcid:country/GMB,2018,4.0
dcs:who/W-MM_Group,dcid:country/GMB,2014,4.0
dcs:who/W-MM_Group,dcid:country/GMB,2012,2.0
dcs:who/W-MM_Group,dcid:country/GMB,2010,2.0
dcs:who/W-MM_Group,dcid:country/GMB,2022,5.0
dcs:who/W-MM_Group,dcid:country/GMB,2016,2.0
dcs:who/W-MM_Group,dcid:country/GNB,2020,2.0
dcs:who/W-MM_Group,dcid:country/GNB,2014,1.0
dcs:who/W-MM_Group,dcid:country/GNB,2018,2.0
dcs:who/W-MM_Group,dcid:country/GNB,2012,2.0
dcs:who/W-MM_Group,dcid:country/GNB,2010,2.0
dcs:who/W-MM_Group,dcid:country/GNB,2022,2.0
dcs:who/W-MM_Group,dcid:country/GNB,2016,2.0
dcs:who/W-MM_Group,dcid:country/GNQ,2020,2.0
dcs:who/W-MM_Group,dcid:country/GNQ,2014,2.0
dcs:who/W-MM_Group,dcid:country/GNQ,2018,1.0
dcs:who/W-MM_Group,dcid:country/GNQ,2012,2.0
dcs:who/W-MM_Group,dcid:country/GNQ,2016,1.0
dcs:who/W-MM_Group,dcid:country/GNQ,2010,2.0
dcs:who/W-MM_Group,dcid:country/GNQ,2022,2.0
dcs:who/W-MM_Group,dcid:country/GRC,2012,1.0
dcs:who/W-MM_Group,dcid:country/GRC,2020,2.0
dcs:who/W-MM_Group,dcid:country/GRC,2018,2.0
dcs:who/W-MM_Group,dcid:country/GRC,2016,2.0
dcs:who/W-MM_Group,dcid:country/GRC,2010,5.0
dcs:who/W-MM_Group,dcid:country/GRC,2022,2.0
dcs:who/W-MM_Group,dcid:country/GRC,2014,1.0
dcs:who/W-MM_Group,dcid:country/GRD,2012,2.0
dcs:who/W-MM_Group,dcid:country/GRD,2020,2.0
dcs:who/W-MM_Group,dcid:country/GRD,2014,2.0
dcs:who/W-MM_Group,dcid:country/GRD,2018,2.0
dcs:who/W-MM_Group,dcid:country/GRD,2022,2.0
dcs:who/W-MM_Group,dcid:country/GRD,2016,2.0
dcs:who/W-MM_Group,dcid:country/GRD,2010,2.0
dcs:who/W-MM_Group,dcid:country/GTM,2012,2.0
dcs:who/W-MM_Group,dcid:country/GTM,2014,2.0
dcs:who/W-MM_Group,dcid:country/GTM,2020,4.0
dcs:who/W-MM_Group,dcid:country/GTM,2018,1.0
dcs:who/W-MM_Group,dcid:country/GTM,2016,2.0
dcs:who/W-MM_Group,dcid:country/GTM,2022,2.0
dcs:who/W-MM_Group,dcid:country/GTM,2010,2.0
dcs:who/W-MM_Group,dcid:country/GUY,2012,1.0
dcs:who/W-MM_Group,dcid:country/GUY,2014,2.0
dcs:who/W-MM_Group,dcid:country/GUY,2020,5.0
dcs:who/W-MM_Group,dcid:country/GUY,2018,2.0
dcs:who/W-MM_Group,dcid:country/GUY,2016,2.0
dcs:who/W-MM_Group,dcid:country/GUY,2022,2.0
dcs:who/W-MM_Group,dcid:country/GUY,2010,2.0
dcs:who/W-MM_Group,dcid:country/HND,2012,4.0
dcs:who/W-MM_Group,dcid:country/HND,2020,2.0
dcs:who/W-MM_Group,dcid:country/HND,2014,3.0
dcs:who/W-MM_Group,dcid:country/HND,2018,4.0
dcs:who/W-MM_Group,dcid:country/HND,2022,2.0
dcs:who/W-MM_Group,dcid:country/HND,2016,5.0
dcs:who/W-MM_Group,dcid:country/HND,2010,4.0
dcs:who/W-MM_Group,dcid:country/HRV,2012,3.0
dcs:who/W-MM_Group,dcid:country/HRV,2018,2.0
dcs:who/W-MM_Group,dcid:country/HRV,2016,2.0
dcs:who/W-MM_Group,dcid:country/HRV,2010,2.0
dcs:who/W-MM_Group,dcid:country/HRV,2020,2.0
dcs:who/W-MM_Group,dcid:country/HRV,2022,2.0
dcs:who/W-MM_Group,dcid:country/HRV,2014,2.0
dcs:who/W-MM_Group,dcid:country/HTI,2012,2.0
dcs:who/W-MM_Group,dcid:country/HTI,2020,2.0
dcs:who/W-MM_Group,dcid:country/HTI,2014,1.0
dcs:who/W-MM_Group,dcid:country/HTI,2018,2.0
dcs:who/W-MM_Group,dcid:country/HTI,2022,2.0
dcs:who/W-MM_Group,dcid:country/HTI,2016,2.0
dcs:who/W-MM_Group,dcid:country/HTI,2010,1.0
dcs:who/W-MM_Group,dcid:country/HUN,2012,4.0
dcs:who/W-MM_Group,dcid:country/HUN,2020,2.0
dcs:who/W-MM_Group,dcid:country/HUN,2018,2.0
dcs:who/W-MM_Group,dcid:country/HUN,2016,2.0
dcs:who/W-MM_Group,dcid:country/HUN,2010,3.0
dcs:who/W-MM_Group,dcid:country/HUN,2022,4.0
dcs:who/W-MM_Group,dcid:country/HUN,2014,3.0
dcs:who/W-MM_Group,dcid:country/IDN,2020,5.0
dcs:who/W-MM_Group,dcid:country/IDN,2018,5.0
dcs:who/W-MM_Group,dcid:country/IDN,2012,2.0
dcs:who/W-MM_Group,dcid:country/IDN,2022,2.0
dcs:who/W-MM_Group,dcid:country/IDN,2010,2.0
dcs:who/W-MM_Group,dcid:country/IDN,2016,5.0
dcs:who/W-MM_Group,dcid:country/IDN,2014,2.0
dcs:who/W-MM_Group,dcid:country/IND,2016,4.0
dcs:who/W-MM_Group,dcid:country/IND,2020,4.0
dcs:who/W-MM_Group,dcid:country/IND,2012,5.0
dcs:who/W-MM_Group,dcid:country/IND,2018,4.0
dcs:who/W-MM_Group,dcid:country/IND,2022,4.0
dcs:who/W-MM_Group,dcid:country/IND,2010,5.0
dcs:who/W-MM_Group,dcid:country/IND,2014,5.0
dcs:who/W-MM_Group,dcid:country/IRL,2012,1.0
dcs:who/W-MM_Group,dcid:country/IRL,2020,5.0
dcs:who/W-MM_Group,dcid:country/IRL,2018,5.0
dcs:who/W-MM_Group,dcid:country/IRL,2016,5.0
dcs:who/W-MM_Group,dcid:country/IRL,2010,5.0
dcs:who/W-MM_Group,dcid:country/IRL,2022,5.0
dcs:who/W-MM_Group,dcid:country/IRL,2014,5.0
dcs:who/W-MM_Group,dcid:country/IRN,2012,2.0
dcs:who/W-MM_Group,dcid:country/IRN,2014,5.0
dcs:who/W-MM_Group,dcid:country/IRN,2020,3.0
dcs:who/W-MM_Group,dcid:country/IRN,2018,3.0
dcs:who/W-MM_Group,dcid:country/IRN,2016,4.0
dcs:who/W-MM_Group,dcid:country/IRN,2010,1.0
dcs:who/W-MM_Group,dcid:country/IRN,2022,4.0
dcs:who/W-MM_Group,dcid:country/IRQ,2012,2.0
dcs:who/W-MM_Group,dcid:country/IRQ,2020,4.0
dcs:who/W-MM_Group,dcid:country/IRQ,2018,5.0
dcs:who/W-MM_Group,dcid:country/IRQ,2014,2.0
dcs:who/W-MM_Group,dcid:country/IRQ,2016,3.0
dcs:who/W-MM_Group,dcid:country/IRQ,2010,2.0
dcs:who/W-MM_Group,dcid:country/IRQ,2022,4.0
dcs:who/W-MM_Group,dcid:country/ISL,2012,3.0
dcs:who/W-MM_Group,dcid:country/ISL,2020,2.0
dcs:who/W-MM_Group,dcid:country/ISL,2018,2.0
dcs:who/W-MM_Group,dcid:country/ISL,2010,2.0
dcs:who/W-MM_Group,dcid:country/ISL,2016,2.0
dcs:who/W-MM_Group,dcid:country/ISL,2022,2.0
dcs:who/W-MM_Group,dcid:country/ISL,2014,2.0
dcs:who/W-MM_Group,dcid:country/ISR,2012,2.0
dcs:who/W-MM_Group,dcid:country/ISR,2020,2.0
dcs:who/W-MM_Group,dcid:country/ISR,2018,2.0
dcs:who/W-MM_Group,dcid:country/ISR,2010,4.0
dcs:who/W-MM_Group,dcid:country/ISR,2016,2.0
dcs:who/W-MM_Group,dcid:country/ISR,2022,5.0
dcs:who/W-MM_Group,dcid:country/ISR,2014,1.0
dcs:who/W-MM_Group,dcid:country/ITA,2012,3.0
dcs:who/W-MM_Group,dcid:country/ITA,2020,2.0
dcs:who/W-MM_Group,dcid:country/ITA,2018,5.0
dcs:who/W-MM_Group,dcid:country/ITA,2016,5.0
dcs:who/W-MM_Group,dcid:country/ITA,2010,4.0
dcs:who/W-MM_Group,dcid:country/ITA,2022,2.0
dcs:who/W-MM_Group,dcid:country/ITA,2014,4.0
dcs:who/W-MM_Group,dcid:country/JAM,2012,2.0
dcs:who/W-MM_Group,dcid:country/JAM,2020,2.0
dcs:who/W-MM_Group,dcid:country/JAM,2014,4.0
dcs:who/W-MM_Group,dcid:country/JAM,2018,1.0
dcs:who/W-MM_Group,dcid:country/JAM,2016,1.0
dcs:who/W-MM_Group,dcid:country/JAM,2022,2.0
dcs:who/W-MM_Group,dcid:country/JAM,2010,2.0
dcs:who/W-MM_Group,dcid:country/JOR,2012,2.0
dcs:who/W-MM_Group,dcid:country/JOR,2020,4.0
dcs:who/W-MM_Group,dcid:country/JOR,2018,5.0
dcs:who/W-MM_Group,dcid:country/JOR,2014,2.0
dcs:who/W-MM_Group,dcid:country/JOR,2016,5.0
dcs:who/W-MM_Group,dcid:country/JOR,2010,4.0
dcs:who/W-MM_Group,dcid:country/JOR,2022,5.0
dcs:who/W-MM_Group,dcid:country/JPN,2014,2.0
dcs:who/W-MM_Group,dcid:country/JPN,2016,2.0
dcs:who/W-MM_Group,dcid:country/JPN,2020,5.0
dcs:who/W-MM_Group,dcid:country/JPN,2018,3.0
dcs:who/W-MM_Group,dcid:country/JPN,2012,2.0
dcs:who/W-MM_Group,dcid:country/JPN,2022,5.0
dcs:who/W-MM_Group,dcid:country/JPN,2010,2.0
dcs:who/W-MM_Group,dcid:country/KAZ,2012,2.0
dcs:who/W-MM_Group,dcid:country/KAZ,2020,5.0
dcs:who/W-MM_Group,dcid:country/KAZ,2018,1.0
dcs:who/W-MM_Group,dcid:country/KAZ,2016,4.0
dcs:who/W-MM_Group,dcid:country/KAZ,2010,5.0
dcs:who/W-MM_Group,dcid:country/KAZ,2022,4.0
dcs:who/W-MM_Group,dcid:country/KAZ,2014,5.0
dcs:who/W-MM_Group,dcid:country/KEN,2020,2.0
dcs:who/W-MM_Group,dcid:country/KEN,2014,2.0
dcs:who/W-MM_Group,dcid:country/KEN,2018,2.0
dcs:who/W-MM_Group,dcid:country/KEN,2012,2.0
dcs:who/W-MM_Group,dcid:country/KEN,2010,2.0
dcs:who/W-MM_Group,dcid:country/KEN,2022,5.0
dcs:who/W-MM_Group,dcid:country/KEN,2016,5.0
dcs:who/W-MM_Group,dcid:country/KGZ,2012,1.0
dcs:who/W-MM_Group,dcid:country/KGZ,2020,2.0
dcs:who/W-MM_Group,dcid:country/KGZ,2018,2.0
dcs:who/W-MM_Group,dcid:country/KGZ,2016,1.0
dcs:who/W-MM_Group,dcid:country/KGZ,2010,2.0
dcs:who/W-MM_Group,dcid:country/KGZ,2022,2.0
dcs:who/W-MM_Group,dcid:country/KGZ,2014,2.0
dcs:who/W-MM_Group,dcid:country/KHM,2020,3.0
dcs:who/W-MM_Group,dcid:country/KHM,2012,5.0
dcs:who/W-MM_Group,dcid:country/KHM,2018,4.0
dcs:who/W-MM_Group,dcid:country/KHM,2022,4.0
dcs:who/W-MM_Group,dcid:country/KHM,2010,4.0
dcs:who/W-MM_Group,dcid:country/KHM,2016,5.0
dcs:who/W-MM_Group,dcid:country/KHM,2014,2.0
dcs:who/W-MM_Group,dcid:country/KIR,2014,4.0
dcs:who/W-MM_Group,dcid:country/KIR,2016,5.0
dcs:who/W-MM_Group,dcid:country/KIR,2018,2.0
dcs:who/W-MM_Group,dcid:country/KIR,2012,2.0
dcs:who/W-MM_Group,dcid:country/KIR,2020,2.0
dcs:who/W-MM_Group,dcid:country/KIR,2022,2.0
dcs:who/W-MM_Group,dcid:country/KIR,2010,2.0
dcs:who/W-MM_Group,dcid:country/KNA,2012,2.0
dcs:who/W-MM_Group,dcid:country/KNA,2020,2.0
dcs:who/W-MM_Group,dcid:country/KNA,2014,1.0
dcs:who/W-MM_Group,dcid:country/KNA,2018,2.0
dcs:who/W-MM_Group,dcid:country/KNA,2016,2.0
dcs:who/W-MM_Group,dcid:country/KNA,2010,2.0
dcs:who/W-MM_Group,dcid:country/KNA,2022,2.0
dcs:who/W-MM_Group,dcid:country/KOR,2010,1.0
dcs:who/W-MM_Group,dcid:country/KOR,2014,5.0
dcs:who/W-MM_Group,dcid:country/KOR,2016,5.0
dcs:who/W-MM_Group,dcid:country/KOR,2018,5.0
dcs:who/W-MM_Group,dcid:country/KOR,2012,5.0
dcs:who/W-MM_Group,dcid:country/KOR,2022,5.0
dcs:who/W-MM_Group,dcid:country/KOR,2020,5.0
dcs:who/W-MM_Group,dcid:country/KWT,2012,5.0
dcs:who/W-MM_Group,dcid:country/KWT,2020,3.0
dcs:who/W-MM_Group,dcid:country/KWT,2018,2.0
dcs:who/W-MM_Group,dcid:country/KWT,2014,4.0
dcs:who/W-MM_Group,dcid:country/KWT,2016,2.0
dcs:who/W-MM_Group,dcid:country/KWT,2010,4.0
dcs:who/W-MM_Group,dcid:country/KWT,2022,2.0
dcs:who/W-MM_Group,dcid:country/LAO,2020,2.0
dcs:who/W-MM_Group,dcid:country/LAO,2018,1.0
dcs:who/W-MM_Group,dcid:country/LAO,2012,2.0
dcs:who/W-MM_Group,dcid:country/LAO,2022,2.0
dcs:who/W-MM_Group,dcid:country/LAO,2010,2.0
dcs:who/W-MM_Group,dcid:country/LAO,2016,1.0
dcs:who/W-MM_Group,dcid:country/LAO,2014,4.0
dcs:who/W-MM_Group,dcid:country/LBN,2012,4.0
dcs:who/W-MM_Group,dcid:country/LBN,2020,2.0
dcs:who/W-MM_Group,dcid:country/LBN,2018,3.0
dcs:who/W-MM_Group,dcid:country/LBN,2014,5.0
dcs:who/W-MM_Group,dcid:country/LBN,2016,2.0
dcs:who/W-MM_Group,dcid:country/LBN,2010,5.0
dcs:who/W-MM_Group,dcid:country/LBN,2022,3.0
dcs:who/W-MM_Group,dcid:country/LBR,2020,4.0
dcs:who/W-MM_Group,dcid:country/LBR,2014,2.0
dcs:who/W-MM_Group,dcid:country/LBR,2018,2.0
dcs:who/W-MM_Group,dcid:country/LBR,2012,5.0
dcs:who/W-MM_Group,dcid:country/LBR,2016,1.0
dcs:who/W-MM_Group,dcid:country/LBR,2010,2.0
dcs:who/W-MM_Group,dcid:country/LBR,2022,2.0
dcs:who/W-MM_Group,dcid:country/LBY,2012,2.0
dcs:who/W-MM_Group,dcid:country/LBY,2020,2.0
dcs:who/W-MM_Group,dcid:country/LBY,2018,2.0
dcs:who/W-MM_Group,dcid:country/LBY,2014,5.0
dcs:who/W-MM_Group,dcid:country/LBY,2016,2.0
dcs:who/W-MM_Group,dcid:country/LBY,2010,2.0
dcs:who/W-MM_Group,dcid:country/LBY,2022,2.0
dcs:who/W-MM_Group,dcid:country/LCA,2012,2.0
dcs:who/W-MM_Group,dcid:country/LCA,2020,5.0
dcs:who/W-MM_Group,dcid:country/LCA,2018,5.0
dcs:who/W-MM_Group,dcid:country/LCA,2014,2.0
dcs:who/W-MM_Group,dcid:country/LCA,2016,2.0
dcs:who/W-MM_Group,dcid:country/LCA,2010,2.0
dcs:who/W-MM_Group,dcid:country/LCA,2022,5.0
dcs:who/W-MM_Group,dcid:country/LKA,2014,2.0
dcs:who/W-MM_Group,dcid:country/LKA,2020,2.0
dcs:who/W-MM_Group,dcid:country/LKA,2012,2.0
dcs:who/W-MM_Group,dcid:country/LKA,2018,1.0
dcs:who/W-MM_Group,dcid:country/LKA,2010,4.0
dcs:who/W-MM_Group,dcid:country/LKA,2016,2.0
dcs:who/W-MM_Group,dcid:country/LKA,2022,5.0
dcs:who/W-MM_Group,dcid:country/LSO,2020,2.0
dcs:who/W-MM_Group,dcid:country/LSO,2014,2.0
dcs:who/W-MM_Group,dcid:country/LSO,2018,4.0
dcs:who/W-MM_Group,dcid:country/LSO,2012,2.0
dcs:who/W-MM_Group,dcid:country/LSO,2010,2.0
dcs:who/W-MM_Group,dcid:country/LSO,2022,2.0
dcs:who/W-MM_Group,dcid:country/LSO,2016,1.0
dcs:who/W-MM_Group,dcid:country/LTU,2012,2.0
dcs:who/W-MM_Group,dcid:country/LTU,2020,2.0
dcs:who/W-MM_Group,dcid:country/LTU,2018,2.0
dcs:who/W-MM_Group,dcid:country/LTU,2016,2.0
dcs:who/W-MM_Group,dcid:country/LTU,2010,2.0
dcs:who/W-MM_Group,dcid:country/LTU,2022,3.0
dcs:who/W-MM_Group,dcid:country/LTU,2014,2.0
dcs:who/W-MM_Group,dcid:country/LUX,2012,5.0
dcs:who/W-MM_Group,dcid:country/LUX,2020,2.0
dcs:who/W-MM_Group,dcid:country/LUX,2018,5.0
dcs:who/W-MM_Group,dcid:country/LUX,2010,1.0
dcs:who/W-MM_Group,dcid:country/LUX,2016,4.0
dcs:who/W-MM_Group,dcid:country/LUX,2022,2.0
dcs:who/W-MM_Group,dcid:country/LUX,2014,5.0
dcs:who/W-MM_Group,dcid:country/LVA,2012,2.0
dcs:who/W-MM_Group,dcid:country/LVA,2020,5.0
dcs:who/W-MM_Group,dcid:country/LVA,2018,2.0
dcs:who/W-MM_Group,dcid:country/LVA,2010,2.0
dcs:who/W-MM_Group,dcid:country/LVA,2016,4.0
dcs:who/W-MM_Group,dcid:country/LVA,2014,2.0
dcs:who/W-MM_Group,dcid:country/LVA,2022,2.0
dcs:who/W-MM_Group,dcid:country/MAR,2012,2.0
dcs:who/W-MM_Group,dcid:country/MAR,2020,5.0
dcs:who/W-MM_Group,dcid:country/MAR,2014,2.0
dcs:who/W-MM_Group,dcid:country/MAR,2018,4.0
dcs:who/W-MM_Group,dcid:country/MAR,2016,5.0
dcs:who/W-MM_Group,dcid:country/MAR,2010,5.0
dcs:who/W-MM_Group,dcid:country/MAR,2022,5.0
dcs:who/W-MM_Group,dcid:country/MCO,2012,2.0
dcs:who/W-MM_Group,dcid:country/MCO,2020,5.0
dcs:who/W-MM_Group,dcid:country/MCO,2018,1.0
dcs:who/W-MM_Group,dcid:country/MCO,2010,1.0
dcs:who/W-MM_Group,dcid:country/MCO,2016,1.0
dcs:who/W-MM_Group,dcid:country/MCO,2022,5.0
dcs:who/W-MM_Group,dcid:country/MCO,2014,2.0
dcs:who/W-MM_Group,dcid:country/MDA,2012,2.0
dcs:who/W-MM_Group,dcid:country/MDA,2020,2.0
dcs:who/W-MM_Group,dcid:country/MDA,2018,5.0
dcs:who/W-MM_Group,dcid:country/MDA,2016,5.0
dcs:who/W-MM_Group,dcid:country/MDA,2010,3.0
dcs:who/W-MM_Group,dcid:country/MDA,2022,2.0
dcs:who/W-MM_Group,dcid:country/MDA,2014,5.0
dcs:who/W-MM_Group,dcid:country/MDG,2020,2.0
dcs:who/W-MM_Group,dcid:country/MDG,2014,2.0
dcs:who/W-MM_Group,dcid:country/MDG,2018,2.0
dcs:who/W-MM_Group,dcid:country/MDG,2012,5.0
dcs:who/W-MM_Group,dcid:country/MDG,2016,2.0
dcs:who/W-MM_Group,dcid:country/MDG,2010,5.0
dcs:who/W-MM_Group,dcid:country/MDG,2022,2.0
dcs:who/W-MM_Group,dcid:country/MDV,2020,2.0
dcs:who/W-MM_Group,dcid:country/MDV,2018,2.0
dcs:who/W-MM_Group,dcid:country/MDV,2012,1.0
dcs:who/W-MM_Group,dcid:country/MDV,2022,2.0
dcs:who/W-MM_Group,dcid:country/MDV,2010,2.0
dcs:who/W-MM_Group,dcid:country/MDV,2016,2.0
dcs:who/W-MM_Group,dcid:country/MDV,2014,1.0
dcs:who/W-MM_Group,dcid:country/MEX,2012,2.0
dcs:who/W-MM_Group,dcid:country/MEX,2020,4.0
dcs:who/W-MM_Group,dcid:country/MEX,2018,1.0
dcs:who/W-MM_Group,dcid:country/MEX,2014,4.0
dcs:who/W-MM_Group,dcid:country/MEX,2016,1.0
dcs:who/W-MM_Group,dcid:country/MEX,2022,4.0
dcs:who/W-MM_Group,dcid:country/MEX,2010,2.0
dcs:who/W-MM_Group,dcid:country/MHL,2014,1.0
dcs:who/W-MM_Group,dcid:country/MHL,2016,2.0
dcs:who/W-MM_Group,dcid:country/MHL,2012,1.0
dcs:who/W-MM_Group,dcid:country/MHL,2022,2.0
dcs:who/W-MM_Group,dcid:country/MHL,2010,2.0
dcs:who/W-MM_Group,dcid:country/MHL,2018,1.0
dcs:who/W-MM_Group,dcid:country/MHL,2020,2.0
dcs:who/W-MM_Group,dcid:country/MKD,2012,1.0
dcs:who/W-MM_Group,dcid:country/MKD,2020,2.0
dcs:who/W-MM_Group,dcid:country/MKD,2018,2.0
dcs:who/W-MM_Group,dcid:country/MKD,2016,2.0
dcs:who/W-MM_Group,dcid:country/MKD,2010,1.0
dcs:who/W-MM_Group,dcid:country/MKD,2022,2.0
dcs:who/W-MM_Group,dcid:country/MKD,2014,2.0
dcs:who/W-MM_Group,dcid:country/MLI,2020,2.0
dcs:who/W-MM_Group,dcid:country/MLI,2014,2.0
dcs:who/W-MM_Group,dcid:country/MLI,2018,2.0
dcs:who/W-MM_Group,dcid:country/MLI,2012,2.0
dcs:who/W-MM_Group,dcid:country/MLI,2016,2.0
dcs:who/W-MM_Group,dcid:country/MLI,2010,2.0
dcs:who/W-MM_Group,dcid:country/MLI,2022,2.0
dcs:who/W-MM_Group,dcid:country/MLT,2012,3.0
dcs:who/W-MM_Group,dcid:country/MLT,2020,2.0
dcs:who/W-MM_Group,dcid:country/MLT,2018,1.0
dcs:who/W-MM_Group,dcid:country/MLT,2010,4.0
dcs:who/W-MM_Group,dcid:country/MLT,2016,1.0
dcs:who/W-MM_Group,dcid:country/MLT,2022,2.0
dcs:who/W-MM_Group,dcid:country/MLT,2014,2.0
dcs:who/W-MM_Group,dcid:country/MMR,2018,5.0
dcs:who/W-MM_Group,dcid:country/MMR,2012,3.0
dcs:who/W-MM_Group,dcid:country/MMR,2010,3.0
dcs:who/W-MM_Group,dcid:country/MMR,2016,2.0
dcs:who/W-MM_Group,dcid:country/MMR,2022,2.0
dcs:who/W-MM_Group,dcid:country/MMR,2014,2.0
dcs:who/W-MM_Group,dcid:country/MMR,2020,5.0
dcs:who/W-MM_Group,dcid:country/MNE,2016,2.0
dcs:who/W-MM_Group,dcid:country/MNE,2012,2.0
dcs:who/W-MM_Group,dcid:country/MNE,2020,2.0
dcs:who/W-MM_Group,dcid:country/MNE,2018,2.0
dcs:who/W-MM_Group,dcid:country/MNE,2010,2.0
dcs:who/W-MM_Group,dcid:country/MNE,2014,2.0
dcs:who/W-MM_Group,dcid:country/MNE,2022,2.0
dcs:who/W-MM_Group,dcid:country/MNG,2014,5.0
dcs:who/W-MM_Group,dcid:country/MNG,2016,2.0
dcs:who/W-MM_Group,dcid:country/MNG,2020,2.0
dcs:who/W-MM_Group,dcid:country/MNG,2018,1.0
dcs:who/W-MM_Group,dcid:country/MNG,2012,2.0
dcs:who/W-MM_Group,dcid:country/MNG,2022,2.0
dcs:who/W-MM_Group,dcid:country/MNG,2010,5.0
dcs:who/W-MM_Group,dcid:country/MOZ,2020,2.0
dcs:who/W-MM_Group,dcid:country/MOZ,2014,2.0
dcs:who/W-MM_Group,dcid:country/MOZ,2018,2.0
dcs:who/W-MM_Group,dcid:country/MOZ,2012,2.0
dcs:who/W-MM_Group,dcid:country/MOZ,2010,2.0
dcs:who/W-MM_Group,dcid:country/MOZ,2016,2.0
dcs:who/W-MM_Group,dcid:country/MOZ,2022,2.0
dcs:who/W-MM_Group,dcid:country/MRT,2020,2.0
dcs:who/W-MM_Group,dcid:country/MRT,2014,2.0
dcs:who/W-MM_Group,dcid:country/MRT,2018,2.0
dcs:who/W-MM_Group,dcid:country/MRT,2012,2.0
dcs:who/W-MM_Group,dcid:country/MRT,2016,1.0
dcs:who/W-MM_Group,dcid:country/MRT,2010,1.0
dcs:who/W-MM_Group,dcid:country/MRT,2022,2.0
dcs:who/W-MM_Group,dcid:country/MUS,2020,2.0
dcs:who/W-MM_Group,dcid:country/MUS,2014,4.0
dcs:who/W-MM_Group,dcid:country/MUS,2018,2.0
dcs:who/W-MM_Group,dcid:country/MUS,2012,5.0
dcs:who/W-MM_Group,dcid:country/MUS,2016,5.0
dcs:who/W-MM_Group,dcid:country/MUS,2010,2.0
dcs:who/W-MM_Group,dcid:country/MUS,2022,2.0
dcs:who/W-MM_Group,dcid:country/MWI,2020,2.0
dcs:who/W-MM_Group,dcid:country/MWI,2014,2.0
dcs:who/W-MM_Group,dcid:country/MWI,2018,2.0
dcs:who/W-MM_Group,dcid:country/MWI,2012,2.0
dcs:who/W-MM_Group,dcid:country/MWI,2016,1.0
dcs:who/W-MM_Group,dcid:country/MWI,2010,2.0
dcs:who/W-MM_Group,dcid:country/MWI,2022,2.0
dcs:who/W-MM_Group,dcid:country/MYS,2014,5.0
dcs:who/W-MM_Group,dcid:country/MYS,2016,5.0
dcs:who/W-MM_Group,dcid:country/MYS,2020,5.0
dcs:who/W-MM_Group,dcid:country/MYS,2018,1.0
dcs:who/W-MM_Group,dcid:country/MYS,2012,5.0
dcs:who/W-MM_Group,dcid:country/MYS,2022,5.0
dcs:who/W-MM_Group,dcid:country/MYS,2010,5.0
dcs:who/W-MM_Group,dcid:country/NAM,2020,5.0
dcs:who/W-MM_Group,dcid:country/NAM,2014,2.0
dcs:who/W-MM_Group,dcid:country/NAM,2018,4.0
dcs:who/W-MM_Group,dcid:country/NAM,2012,2.0
dcs:who/W-MM_Group,dcid:country/NAM,2010,2.0
dcs:who/W-MM_Group,dcid:country/NAM,2022,2.0
dcs:who/W-MM_Group,dcid:country/NAM,2016,2.0
dcs:who/W-MM_Group,dcid:country/NER,2020,2.0
dcs:who/W-MM_Group,dcid:country/NER,2014,2.0
dcs:who/W-MM_Group,dcid:country/NER,2018,2.0
dcs:who/W-MM_Group,dcid:country/NER,2012,1.0
dcs:who/W-MM_Group,dcid:country/NER,2010,5.0
dcs:who/W-MM_Group,dcid:country/NER,2022,2.0
dcs:who/W-MM_Group,dcid:country/NER,2016,2.0
dcs:who/W-MM_Group,dcid:country/NGA,2020,2.0
dcs:who/W-MM_Group,dcid:country/NGA,2014,1.0
dcs:who/W-MM_Group,dcid:country/NGA,2018,2.0
dcs:who/W-MM_Group,dcid:country/NGA,2012,2.0
dcs:who/W-MM_Group,dcid:country/NGA,2010,2.0
dcs:who/W-MM_Group,dcid:country/NGA,2022,4.0
dcs:who/W-MM_Group,dcid:country/NGA,2016,1.0
dcs:who/W-MM_Group,dcid:country/NIC,2012,1.0
dcs:who/W-MM_Group,dcid:country/NIC,2014,1.0
dcs:who/W-MM_Group,dcid:country/NIC,2020,2.0
dcs:who/W-MM_Group,dcid:country/NIC,2018,2.0
dcs:who/W-MM_Group,dcid:country/NIC,2016,2.0
dcs:who/W-MM_Group,dcid:country/NIC,2010,2.0
dcs:who/W-MM_Group,dcid:country/NIC,2022,2.0
dcs:who/W-MM_Group,dcid:country/NIU,2014,1.0
dcs:who/W-MM_Group,dcid:country/NIU,2010,4.0
dcs:who/W-MM_Group,dcid:country/NIU,2016,1.0
dcs:who/W-MM_Group,dcid:country/NIU,2020,2.0
dcs:who/W-MM_Group,dcid:country/NIU,2018,2.0
dcs:who/W-MM_Group,dcid:country/NIU,2012,2.0
dcs:who/W-MM_Group,dcid:country/NIU,2022,2.0
dcs:who/W-MM_Group,dcid:country/NLD,2012,2.0
dcs:who/W-MM_Group,dcid:country/NLD,2020,2.0
dcs:who/W-MM_Group,dcid:country/NLD,2018,4.0
dcs:who/W-MM_Group,dcid:country/NLD,2016,5.0
dcs:who/W-MM_Group,dcid:country/NLD,2010,5.0
dcs:who/W-MM_Group,dcid:country/NLD,2022,5.0
dcs:who/W-MM_Group,dcid:country/NLD,2014,5.0
dcs:who/W-MM_Group,dcid:country/NOR,2012,5.0
dcs:who/W-MM_Group,dcid:country/NOR,2020,5.0
dcs:who/W-MM_Group,dcid:country/NOR,2018,5.0
dcs:who/W-MM_Group,dcid:country/NOR,2010,2.0
dcs:who/W-MM_Group,dcid:country/NOR,2016,5.0
dcs:who/W-MM_Group,dcid:country/NOR,2022,5.0
dcs:who/W-MM_Group,dcid:country/NOR,2014,5.0
dcs:who/W-MM_Group,dcid:country/NPL,2020,2.0
dcs:who/W-MM_Group,dcid:country/NPL,2012,4.0
dcs:who/W-MM_Group,dcid:country/NPL,2018,1.0
dcs:who/W-MM_Group,dcid:country/NPL,2010,4.0
dcs:who/W-MM_Group,dcid:country/NPL,2016,5.0
dcs:who/W-MM_Group,dcid:country/NPL,2022,4.0
dcs:who/W-MM_Group,dcid:country/NPL,2014,5.0
dcs:who/W-MM_Group,dcid:country/NRU,2014,2.0
dcs:who/W-MM_Group,dcid:country/NRU,2016,2.0
dcs:who/W-MM_Group,dcid:country/NRU,2012,2.0
dcs:who/W-MM_Group,dcid:country/NRU,2020,2.0
dcs:who/W-MM_Group,dcid:country/NRU,2022,5.0
dcs:who/W-MM_Group,dcid:country/NRU,2010,1.0
dcs:who/W-MM_Group,dcid:country/NRU,2018,1.0
dcs:who/W-MM_Group,dcid:country/NZL,2010,4.0
dcs:who/W-MM_Group,dcid:country/NZL,2018,5.0
dcs:who/W-MM_Group,dcid:country/NZL,2012,5.0
dcs:who/W-MM_Group,dcid:country/NZL,2022,5.0
dcs:who/W-MM_Group,dcid:country/NZL,2016,5.0
dcs:who/W-MM_Group,dcid:country/NZL,2014,4.0
dcs:who/W-MM_Group,dcid:country/NZL,2020,5.0
dcs:who/W-MM_Group,dcid:country/OMN,2012,2.0
dcs:who/W-MM_Group,dcid:country/OMN,2020,2.0
dcs:who/W-MM_Group,dcid:country/OMN,2018,2.0
dcs:who/W-MM_Group,dcid:country/OMN,2014,2.0
dcs:who/W-MM_Group,dcid:country/OMN,2016,2.0
dcs:who/W-MM_Group,dcid:country/OMN,2010,2.0
dcs:who/W-MM_Group,dcid:country/OMN,2022,2.0
dcs:who/W-MM_Group,dcid:country/PAK,2012,2.0
dcs:who/W-MM_Group,dcid:country/PAK,2018,5.0
dcs:who/W-MM_Group,dcid:country/PAK,2016,5.0
dcs:who/W-MM_Group,dcid:country/PAK,2010,2.0
dcs:who/W-MM_Group,dcid:country/PAK,2022,2.0
dcs:who/W-MM_Group,dcid:country/PAK,2014,4.0
dcs:who/W-MM_Group,dcid:country/PAK,2020,4.0
dcs:who/W-MM_Group,dcid:country/PAN,2012,2.0
dcs:who/W-MM_Group,dcid:country/PAN,2020,2.0
dcs:who/W-MM_Group,dcid:country/PAN,2014,4.0
dcs:who/W-MM_Group,dcid:country/PAN,2018,5.0
dcs:who/W-MM_Group,dcid:country/PAN,2016,3.0
dcs:who/W-MM_Group,dcid:country/PAN,2022,5.0
dcs:who/W-MM_Group,dcid:country/PAN,2010,2.0
dcs:who/W-MM_Group,dcid:country/PER,2012,2.0
dcs:who/W-MM_Group,dcid:country/PER,2020,3.0
dcs:who/W-MM_Group,dcid:country/PER,2014,2.0
dcs:who/W-MM_Group,dcid:country/PER,2018,1.0
dcs:who/W-MM_Group,dcid:country/PER,2016,3.0
dcs:who/W-MM_Group,dcid:country/PER,2010,2.0
dcs:who/W-MM_Group,dcid:country/PER,2022,2.0
dcs:who/W-MM_Group,dcid:country/PHL,2010,5.0
dcs:who/W-MM_Group,dcid:country/PHL,2014,2.0
dcs:who/W-MM_Group,dcid:country/PHL,2016,5.0
dcs:who/W-MM_Group,dcid:country/PHL,2018,4.0
dcs:who/W-MM_Group,dcid:country/PHL,2012,2.0
dcs:who/W-MM_Group,dcid:country/PHL,2022,4.0
dcs:who/W-MM_Group,dcid:country/PHL,2020,4.0
dcs:who/W-MM_Group,dcid:country/PLW,2010,2.0
dcs:who/W-MM_Group,dcid:country/PLW,2014,5.0
dcs:who/W-MM_Group,dcid:country/PLW,2020,5.0
dcs:who/W-MM_Group,dcid:country/PLW,2012,5.0
dcs:who/W-MM_Group,dcid:country/PLW,2022,3.0
dcs:who/W-MM_Group,dcid:country/PLW,2016,1.0
dcs:who/W-MM_Group,dcid:country/PLW,2018,4.0
dcs:who/W-MM_Group,dcid:country/PNG,2010,2.0
dcs:who/W-MM_Group,dcid:country/PNG,2014,2.0
dcs:who/W-MM_Group,dcid:country/PNG,2016,2.0
dcs:who/W-MM_Group,dcid:country/PNG,2020,2.0
dcs:who/W-MM_Group,dcid:country/PNG,2012,2.0
dcs:who/W-MM_Group,dcid:country/PNG,2022,2.0
dcs:who/W-MM_Group,dcid:country/PNG,2018,2.0
dcs:who/W-MM_Group,dcid:country/POL,2012,4.0
dcs:who/W-MM_Group,dcid:country/POL,2020,3.0
dcs:who/W-MM_Group,dcid:country/POL,2018,2.0
dcs:who/W-MM_Group,dcid:country/POL,2016,4.0
dcs:who/W-MM_Group,dcid:country/POL,2010,5.0
dcs:who/W-MM_Group,dcid:country/POL,2022,3.0
dcs:who/W-MM_Group,dcid:country/POL,2014,2.0
dcs:who/W-MM_Group,dcid:country/PRK,2014,1.0
dcs:who/W-MM_Group,dcid:country/PRK,2016,5.0
dcs:who/W-MM_Group,dcid:country/PRK,2012,4.0
dcs:who/W-MM_Group,dcid:country/PRK,2020,4.0
dcs:who/W-MM_Group,dcid:country/PRK,2018,1.0
dcs:who/W-MM_Group,dcid:country/PRK,2022,2.0
dcs:who/W-MM_Group,dcid:country/PRK,2010,1.0
dcs:who/W-MM_Group,dcid:country/PRT,2012,2.0
dcs:who/W-MM_Group,dcid:country/PRT,2020,2.0
dcs:who/W-MM_Group,dcid:country/PRT,2018,3.0
dcs:who/W-MM_Group,dcid:country/PRT,2016,5.0
dcs:who/W-MM_Group,dcid:country/PRT,2010,2.0
dcs:who/W-MM_Group,dcid:country/PRT,2014,5.0
dcs:who/W-MM_Group,dcid:country/PRT,2022,2.0
dcs:who/W-MM_Group,dcid:country/PRY,2012,2.0
dcs:who/W-MM_Group,dcid:country/PRY,2020,3.0
dcs:who/W-MM_Group,dcid:country/PRY,2014,2.0
dcs:who/W-MM_Group,dcid:country/PRY,2018,2.0
dcs:who/W-MM_Group,dcid:country/PRY,2016,2.0
dcs:who/W-MM_Group,dcid:country/PRY,2022,2.0
dcs:who/W-MM_Group,dcid:country/PRY,2010,2.0
dcs:who/W-MM_Group,dcid:country/PSE,2012,1.0
dcs:who/W-MM_Group,dcid:country/PSE,2018,4.0
dcs:who/W-MM_Group,dcid:country/PSE,2010,2.0
dcs:who/W-MM_Group,dcid:country/PSE,2016,2.0
dcs:who/W-MM_Group,dcid:country/PSE,2020,3.0
dcs:who/W-MM_Group,dcid:country/PSE,2022,5.0
dcs:who/W-MM_Group,dcid:country/PSE,2014,3.0
dcs:who/W-MM_Group,dcid:country/QAT,2012,2.0
dcs:who/W-MM_Group,dcid:country/QAT,2018,5.0
dcs:who/W-MM_Group,dcid:country/QAT,2016,1.0
dcs:who/W-MM_Group,dcid:country/QAT,2010,2.0
dcs:who/W-MM_Group,dcid:country/QAT,2022,4.0
dcs:who/W-MM_Group,dcid:country/QAT,2020,5.0
dcs:who/W-MM_Group,dcid:country/QAT,2014,2.0
dcs:who/W-MM_Group,dcid:country/ROU,2012,2.0
dcs:who/W-MM_Group,dcid:country/ROU,2020,2.0
dcs:who/W-MM_Group,dcid:country/ROU,2018,2.0
dcs:who/W-MM_Group,dcid:country/ROU,2016,4.0
dcs:who/W-MM_Group,dcid:country/ROU,2010,4.0
dcs:who/W-MM_Group,dcid:country/ROU,2022,2.0
dcs:who/W-MM_Group,dcid:country/ROU,2014,2.0
dcs:who/W-MM_Group,dcid:country/RUS,2012,5.0
dcs:who/W-MM_Group,dcid:country/RUS,2020,5.0
dcs:who/W-MM_Group,dcid:country/RUS,2018,2.0
dcs:who/W-MM_Group,dcid:country/RUS,2010,5.0
dcs:who/W-MM_Group,dcid:country/RUS,2016,4.0
dcs:who/W-MM_Group,dcid:country/RUS,2022,5.0
dcs:who/W-MM_Group,dcid:country/RUS,2014,5.0
dcs:who/W-MM_Group,dcid:country/RWA,2020,5.0
dcs:who/W-MM_Group,dcid:country/RWA,2014,2.0
dcs:who/W-MM_Group,dcid:country/RWA,2018,3.0
dcs:who/W-MM_Group,dcid:country/RWA,2012,4.0
dcs:who/W-MM_Group,dcid:country/RWA,2010,5.0
dcs:who/W-MM_Group,dcid:country/RWA,2022,4.0
dcs:who/W-MM_Group,dcid:country/RWA,2016,1.0
dcs:who/W-MM_Group,dcid:country/SAU,2012,3.0
dcs:who/W-MM_Group,dcid:country/SAU,2018,4.0
dcs:who/W-MM_Group,dcid:country/SAU,2016,3.0
dcs:who/W-MM_Group,dcid:country/SAU,2010,3.0
dcs:who/W-MM_Group,dcid:country/SAU,2022,3.0
dcs:who/W-MM_Group,dcid:country/SAU,2014,2.0
dcs:who/W-MM_Group,dcid:country/SAU,2020,5.0
dcs:who/W-MM_Group,dcid:country/SDN,2012,2.0
dcs:who/W-MM_Group,dcid:country/SDN,2018,2.0
dcs:who/W-MM_Group,dcid:country/SDN,2016,2.0
dcs:who/W-MM_Group,dcid:country/SDN,2020,2.0
dcs:who/W-MM_Group,dcid:country/SDN,2010,4.0
dcs:who/W-MM_Group,dcid:country/SDN,2022,2.0
dcs:who/W-MM_Group,dcid:country/SDN,2014,4.0
dcs:who/W-MM_Group,dcid:country/SEN,2020,2.0
dcs:who/W-MM_Group,dcid:country/SEN,2014,5.0
dcs:who/W-MM_Group,dcid:country/SEN,2018,5.0
dcs:who/W-MM_Group,dcid:country/SEN,2012,2.0
dcs:who/W-MM_Group,dcid:country/SEN,2010,2.0
dcs:who/W-MM_Group,dcid:country/SEN,2022,2.0
dcs:who/W-MM_Group,dcid:country/SEN,2016,2.0
dcs:who/W-MM_Group,dcid:country/SGP,2014,5.0
dcs:who/W-MM_Group,dcid:country/SGP,2016,5.0
dcs:who/W-MM_Group,dcid:country/SGP,2020,4.0
dcs:who/W-MM_Group,dcid:country/SGP,2018,4.0
dcs:who/W-MM_Group,dcid:country/SGP,2012,5.0
dcs:who/W-MM_Group,dcid:country/SGP,2010,5.0
dcs:who/W-MM_Group,dcid:country/SGP,2022,3.0
dcs:who/W-MM_Group,dcid:country/SLB,2010,1.0
dcs:who/W-MM_Group,dcid:country/SLB,2014,4.0
dcs:who/W-MM_Group,dcid:country/SLB,2016,1.0
dcs:who/W-MM_Group,dcid:country/SLB,2012,2.0
dcs:who/W-MM_Group,dcid:country/SLB,2020,2.0
dcs:who/W-MM_Group,dcid:country/SLB,2022,2.0
dcs:who/W-MM_Group,dcid:country/SLB,2018,2.0
dcs:who/W-MM_Group,dcid:country/SLE,2020,2.0
dcs:who/W-MM_Group,dcid:country/SLE,2014,2.0
dcs:who/W-MM_Group,dcid:country/SLE,2018,2.0
dcs:who/W-MM_Group,dcid:country/SLE,2012,2.0
dcs:who/W-MM_Group,dcid:country/SLE,2022,2.0
dcs:who/W-MM_Group,dcid:country/SLE,2016,4.0
dcs:who/W-MM_Group,dcid:country/SLE,2010,2.0
dcs:who/W-MM_Group,dcid:country/SLV,2012,5.0
dcs:who/W-MM_Group,dcid:country/SLV,2014,5.0
dcs:who/W-MM_Group,dcid:country/SLV,2020,5.0
dcs:who/W-MM_Group,dcid:country/SLV,2018,5.0
dcs:who/W-MM_Group,dcid:country/SLV,2022,2.0
dcs:who/W-MM_Group,dcid:country/SLV,2016,5.0
dcs:who/W-MM_Group,dcid:country/SLV,2010,4.0
dcs:who/W-MM_Group,dcid:country/SMR,2012,2.0
dcs:who/W-MM_Group,dcid:country/SMR,2020,2.0
dcs:who/W-MM_Group,dcid:country/SMR,2018,2.0
dcs:who/W-MM_Group,dcid:country/SMR,2016,2.0
dcs:who/W-MM_Group,dcid:country/SMR,2010,1.0
dcs:who/W-MM_Group,dcid:country/SMR,2022,2.0
dcs:who/W-MM_Group,dcid:country/SMR,2014,2.0
dcs:who/W-MM_Group,dcid:country/SOM,2012,2.0
dcs:who/W-MM_Group,dcid:country/SOM,2018,2.0
dcs:who/W-MM_Group,dcid:country/SOM,2016,2.0
dcs:who/W-MM_Group,dcid:country/SOM,2020,2.0
dcs:who/W-MM_Group,dcid:country/SOM,2010,1.0
dcs:who/W-MM_Group,dcid:country/SOM,2014,1.0
dcs:who/W-MM_Group,dcid:country/SOM,2022,2.0
dcs:who/W-MM_Group,dcid:country/SRB,2012,4.0
dcs:who/W-MM_Group,dcid:country/SRB,2020,2.0
dcs:who/W-MM_Group,dcid:country/SRB,2018,2.0
dcs:who/W-MM_Group,dcid:country/SRB,2010,4.0
dcs:who/W-MM_Group,dcid:country/SRB,2016,2.0
dcs:who/W-MM_Group,dcid:country/SRB,2022,2.0
dcs:who/W-MM_Group,dcid:country/SRB,2014,2.0
dcs:who/W-MM_Group,dcid:country/SSD,2020,2.0
dcs:who/W-MM_Group,dcid:country/SSD,2014,1.0
dcs:who/W-MM_Group,dcid:country/SSD,2018,2.0
dcs:who/W-MM_Group,dcid:country/SSD,2012,1.0
dcs:who/W-MM_Group,dcid:country/SSD,2016,2.0
dcs:who/W-MM_Group,dcid:country/SSD,2022,2.0
dcs:who/W-MM_Group,dcid:country/SSD,2010,4.0
dcs:who/W-MM_Group,dcid:country/STP,2020,2.0
dcs:who/W-MM_Group,dcid:country/STP,2018,2.0
dcs:who/W-MM_Group,dcid:country/STP,2014,1.0
dcs:who/W-MM_Group,dcid:country/STP,2012,5.0
dcs:who/W-MM_Group,dcid:country/STP,2010,2.0
dcs:who/W-MM_Group,dcid:country/STP,2022,2.0
dcs:who/W-MM_Group,dcid:country/STP,2016,1.0
dcs:who/W-MM_Group,dcid:country/SUR,2012,3.0
dcs:who/W-MM_Group,dcid:country/SUR,2014,5.0
dcs:who/W-MM_Group,dcid:country/SUR,2020,2.0
dcs:who/W-MM_Group,dcid:country/SUR,2018,2.0
dcs:who/W-MM_Group,dcid:country/SUR,2016,5.0
dcs:who/W-MM_Group,dcid:country/SUR,2022,4.0
dcs:who/W-MM_Group,dcid:country/SUR,2010,2.0
dcs:who/W-MM_Group,dcid:country/SVK,2014,2.0
dcs:who/W-MM_Group,dcid:country/SVK,2012,2.0
dcs:who/W-MM_Group,dcid:country/SVK,2020,2.0
dcs:who/W-MM_Group,dcid:country/SVK,2018,2.0
dcs:who/W-MM_Group,dcid:country/SVK,2010,2.0
dcs:who/W-MM_Group,dcid:country/SVK,2016,2.0
dcs:who/W-MM_Group,dcid:country/SVK,2022,2.0
dcs:who/W-MM_Group,dcid:country/SVN,2012,1.0
dcs:who/W-MM_Group,dcid:country/SVN,2020,2.0
dcs:who/W-MM_Group,dcid:country/SVN,2018,3.0
dcs:who/W-MM_Group,dcid:country/SVN,2016,2.0
dcs:who/W-MM_Group,dcid:country/SVN,2010,2.0
dcs:who/W-MM_Group,dcid:country/SVN,2022,2.0
dcs:who/W-MM_Group,dcid:country/SVN,2014,2.0
dcs:who/W-MM_Group,dcid:country/SWE,2016,2.0
dcs:who/W-MM_Group,dcid:country/SWE,2012,2.0
dcs:who/W-MM_Group,dcid:country/SWE,2020,4.0
dcs:who/W-MM_Group,dcid:country/SWE,2018,2.0
dcs:who/W-MM_Group,dcid:country/SWE,2010,5.0
dcs:who/W-MM_Group,dcid:country/SWE,2022,2.0
dcs:who/W-MM_Group,dcid:country/SWE,2014,2.0
dcs:who/W-MM_Group,dcid:country/SWZ,2020,2.0
dcs:who/W-MM_Group,dcid:country/SWZ,2014,1.0
dcs:who/W-MM_Group,dcid:country/SWZ,2018,2.0
dcs:who/W-MM_Group,dcid:country/SWZ,2012,2.0
dcs:who/W-MM_Group,dcid:country/SWZ,2010,2.0
dcs:who/W-MM_Group,dcid:country/SWZ,2022,2.0
dcs:who/W-MM_Group,dcid:country/SWZ,2016,1.0
dcs:who/W-MM_Group,dcid:country/SYC,2020,4.0
dcs:who/W-MM_Group,dcid:country/SYC,2014,2.0
dcs:who/W-MM_Group,dcid:country/SYC,2018,5.0
dcs:who/W-MM_Group,dcid:country/SYC,2012,5.0
dcs:who/W-MM_Group,dcid:country/SYC,2010,3.0
dcs:who/W-MM_Group,dcid:country/SYC,2022,4.0
dcs:who/W-MM_Group,dcid:country/SYC,2016,5.0
dcs:who/W-MM_Group,dcid:country/SYR,2012,4.0
dcs:who/W-MM_Group,dcid:country/SYR,2018,2.0
dcs:who/W-MM_Group,dcid:country/SYR,2016,2.0
dcs:who/W-MM_Group,dcid:country/SYR,2020,2.0
dcs:who/W-MM_Group,dcid:country/SYR,2010,1.0
dcs:who/W-MM_Group,dcid:country/SYR,2022,2.0
dcs:who/W-MM_Group,dcid:country/SYR,2014,2.0
dcs:who/W-MM_Group,dcid:country/TCD,2020,2.0
dcs:who/W-MM_Group,dcid:country/TCD,2014,2.0
dcs:who/W-MM_Group,dcid:country/TCD,2018,4.0
dcs:who/W-MM_Group,dcid:country/TCD,2012,2.0
dcs:who/W-MM_Group,dcid:country/TCD,2016,1.0
dcs:who/W-MM_Group,dcid:country/TCD,2010,2.0
dcs:who/W-MM_Group,dcid:country/TCD,2022,2.0
dcs:who/W-MM_Group,dcid:country/TGO,2020,5.0
dcs:who/W-MM_Group,dcid:country/TGO,2018,5.0
dcs:who/W-MM_Group,dcid:country/TGO,2014,4.0
dcs:who/W-MM_Group,dcid:country/TGO,2012,2.0
dcs:who/W-MM_Group,dcid:country/TGO,2022,2.0
dcs:who/W-MM_Group,dcid:country/TGO,2016,2.0
dcs:who/W-MM_Group,dcid:country/TGO,2010,5.0
dcs:who/W-MM_Group,dcid:country/THA,2014,5.0
dcs:who/W-MM_Group,dcid:country/THA,2012,4.0
dcs:who/W-MM_Group,dcid:country/THA,2020,5.0
dcs:who/W-MM_Group,dcid:country/THA,2018,4.0
dcs:who/W-MM_Group,dcid:country/THA,2010,4.0
dcs:who/W-MM_Group,dcid:country/THA,2016,5.0
dcs:who/W-MM_Group,dcid:country/THA,2022,5.0
dcs:who/W-MM_Group,dcid:country/TJK,2012,1.0
dcs:who/W-MM_Group,dcid:country/TJK,2020,2.0
dcs:who/W-MM_Group,dcid:country/TJK,2018,2.0
dcs:who/W-MM_Group,dcid:country/TJK,2010,2.0
dcs:who/W-MM_Group,dcid:country/TJK,2016,2.0
dcs:who/W-MM_Group,dcid:country/TJK,2022,2.0
dcs:who/W-MM_Group,dcid:country/TJK,2014,2.0
dcs:who/W-MM_Group,dcid:country/TKM,2012,1.0
dcs:who/W-MM_Group,dcid:country/TKM,2020,5.0
dcs:who/W-MM_Group,dcid:country/TKM,2018,5.0
dcs:who/W-MM_Group,dcid:country/TKM,2016,1.0
dcs:who/W-MM_Group,dcid:country/TKM,2010,1.0
dcs:who/W-MM_Group,dcid:country/TKM,2022,5.0
dcs:who/W-MM_Group,dcid:country/TKM,2014,5.0
dcs:who/W-MM_Group,dcid:country/TLS,2020,5.0
dcs:who/W-MM_Group,dcid:country/TLS,2012,2.0
dcs:who/W-MM_Group,dcid:country/TLS,2018,5.0
dcs:who/W-MM_Group,dcid:country/TLS,2010,1.0
dcs:who/W-MM_Group,dcid:country/TLS,2016,4.0
dcs:who/W-MM_Group,dcid:country/TLS,2022,5.0
dcs:who/W-MM_Group,dcid:country/TLS,2014,2.0
dcs:who/W-MM_Group,dcid:country/TON,2010,2.0
dcs:who/W-MM_Group,dcid:country/TON,2014,2.0
dcs:who/W-MM_Group,dcid:country/TON,2016,5.0
dcs:who/W-MM_Group,dcid:country/TON,2018,5.0
dcs:who/W-MM_Group,dcid:country/TON,2020,5.0
dcs:who/W-MM_Group,dcid:country/TON,2012,2.0
dcs:who/W-MM_Group,dcid:country/TON,2022,5.0
dcs:who/W-MM_Group,dcid:country/TTO,2012,2.0
dcs:who/W-MM_Group,dcid:country/TTO,2014,2.0
dcs:who/W-MM_Group,dcid:country/TTO,2020,2.0
dcs:who/W-MM_Group,dcid:country/TTO,2018,2.0
dcs:who/W-MM_Group,dcid:country/TTO,2016,2.0
dcs:who/W-MM_Group,dcid:country/TTO,2022,3.0
dcs:who/W-MM_Group,dcid:country/TTO,2010,1.0
dcs:who/W-MM_Group,dcid:country/TUN,2012,5.0
dcs:who/W-MM_Group,dcid:country/TUN,2018,3.0
dcs:who/W-MM_Group,dcid:country/TUN,2016,4.0
dcs:who/W-MM_Group,dcid:country/TUN,2020,5.0
dcs:who/W-MM_Group,dcid:country/TUN,2010,4.0
dcs:who/W-MM_Group,dcid:country/TUN,2022,5.0
dcs:who/W-MM_Group,dcid:country/TUN,2014,5.0
dcs:who/W-MM_Group,dcid:country/TUR,2012,5.0
dcs:who/W-MM_Group,dcid:country/TUR,2020,5.0
dcs:who/W-MM_Group,dcid:country/TUR,2018,5.0
dcs:who/W-MM_Group,dcid:country/TUR,2016,5.0
dcs:who/W-MM_Group,dcid:country/TUR,2010,5.0
dcs:who/W-MM_Group,dcid:country/TUR,2022,5.0
dcs:who/W-MM_Group,dcid:country/TUR,2014,5.0
dcs:who/W-MM_Group,dcid:country/TUV,2010,2.0
dcs:who/W-MM_Group,dcid:country/TUV,2014,2.0
dcs:who/W-MM_Group,dcid:country/TUV,2016,2.0
dcs:who/W-MM_Group,dcid:country/TUV,2018,2.0
dcs:who/W-MM_Group,dcid:country/TUV,2012,4.0
dcs:who/W-MM_Group,dcid:country/TUV,2022,2.0
dcs:who/W-MM_Group,dcid:country/TUV,2020,5.0
dcs:who/W-MM_Group,dcid:country/TZA,2020,2.0
dcs:who/W-MM_Group,dcid:country/TZA,2014,2.0
dcs:who/W-MM_Group,dcid:country/TZA,2018,2.0
dcs:who/W-MM_Group,dcid:country/TZA,2012,1.0
dcs:who/W-MM_Group,dcid:country/TZA,2022,2.0
dcs:who/W-MM_Group,dcid:country/TZA,2016,1.0
dcs:who/W-MM_Group,dcid:country/TZA,2010,2.0
dcs:who/W-MM_Group,dcid:country/UGA,2020,4.0
dcs:who/W-MM_Group,dcid:country/UGA,2014,3.0
dcs:who/W-MM_Group,dcid:country/UGA,2018,4.0
dcs:who/W-MM_Group,dcid:country/UGA,2012,2.0
dcs:who/W-MM_Group,dcid:country/UGA,2022,2.0
dcs:who/W-MM_Group,dcid:country/UGA,2016,2.0
dcs:who/W-MM_Group,dcid:country/UGA,2010,2.0
dcs:who/W-MM_Group,dcid:country/UKR,2012,2.0
dcs:who/W-MM_Group,dcid:country/UKR,2020,5.0
dcs:who/W-MM_Group,dcid:country/UKR,2018,3.0
dcs:who/W-MM_Group,dcid:country/UKR,2016,2.0
dcs:who/W-MM_Group,dcid:country/UKR,2010,2.0
dcs:who/W-MM_Group,dcid:country/UKR,2022,5.0
dcs:who/W-MM_Group,dcid:country/UKR,2014,2.0
dcs:who/W-MM_Group,dcid:country/URY,2012,5.0
dcs:who/W-MM_Group,dcid:country/URY,2020,2.0
dcs:who/W-MM_Group,dcid:country/URY,2018,1.0
dcs:who/W-MM_Group,dcid:country/URY,2014,4.0
dcs:who/W-MM_Group,dcid:country/URY,2016,2.0
dcs:who/W-MM_Group,dcid:country/URY,2010,4.0
dcs:who/W-MM_Group,dcid:country/URY,2022,5.0
dcs:who/W-MM_Group,dcid:country/USA,2012,5.0
dcs:who/W-MM_Group,dcid:country/USA,2020,5.0
dcs:who/W-MM_Group,dcid:country/USA,2018,5.0
dcs:who/W-MM_Group,dcid:country/USA,2014,5.0
dcs:who/W-MM_Group,dcid:country/USA,2016,5.0
dcs:who/W-MM_Group,dcid:country/USA,2010,2.0
dcs:who/W-MM_Group,dcid:country/USA,2022,5.0
dcs:who/W-MM_Group,dcid:country/UZB,2012,4.0
dcs:who/W-MM_Group,dcid:country/UZB,2020,2.0
dcs:who/W-MM_Group,dcid:country/UZB,2018,2.0
dcs:who/W-MM_Group,dcid:country/UZB,2016,2.0
dcs:who/W-MM_Group,dcid:country/UZB,2010,2.0
dcs:who/W-MM_Group,dcid:country/UZB,2022,3.0
dcs:who/W-MM_Group,dcid:country/UZB,2014,1.0
dcs:who/W-MM_Group,dcid:country/VCT,2012,1.0
dcs:who/W-MM_Group,dcid:country/VCT,2020,2.0
dcs:who/W-MM_Group,dcid:country/VCT,2014,2.0
dcs:who/W-MM_Group,dcid:country/VCT,2018,2.0
dcs:who/W-MM_Group,dcid:country/VCT,2016,1.0
dcs:who/W-MM_Group,dcid:country/VCT,2022,2.0
dcs:who/W-MM_Group,dcid:country/VCT,2010,1.0
dcs:who/W-MM_Group,dcid:country/VEN,2012,2.0
dcs:who/W-MM_Group,dcid:country/VEN,2020,2.0
dcs:who/W-MM_Group,dcid:country/VEN,2014,1.0
dcs:who/W-MM_Group,dcid:country/VEN,2018,2.0
dcs:who/W-MM_Group,dcid:country/VEN,2016,2.0
dcs:who/W-MM_Group,dcid:country/VEN,2010,5.0
dcs:who/W-MM_Group,dcid:country/VEN,2022,2.0
dcs:who/W-MM_Group,dcid:country/VNM,2010,5.0
dcs:who/W-MM_Group,dcid:country/VNM,2014,5.0
dcs:who/W-MM_Group,dcid:country/VNM,2016,5.0
dcs:who/W-MM_Group,dcid:country/VNM,2018,5.0
dcs:who/W-MM_Group,dcid:country/VNM,2012,5.0
dcs:who/W-MM_Group,dcid:country/VNM,2020,5.0
dcs:who/W-MM_Group,dcid:country/VNM,2022,5.0
dcs:who/W-MM_Group,dcid:country/VUT,2010,1.0
dcs:who/W-MM_Group,dcid:country/VUT,2014,2.0
dcs:who/W-MM_Group,dcid:country/VUT,2016,2.0
dcs:who/W-MM_Group,dcid:country/VUT,2018,2.0
dcs:who/W-MM_Group,dcid:country/VUT,2012,2.0
dcs:who/W-MM_Group,dcid:country/VUT,2020,2.0
dcs:who/W-MM_Group,dcid:country/VUT,2022,2.0
dcs:who/W-MM_Group,dcid:country/WSM,2010,5.0
dcs:who/W-MM_Group,dcid:country/WSM,2014,5.0
dcs:who/W-MM_Group,dcid:country/WSM,2016,1.0
dcs:who/W-MM_Group,dcid:country/WSM,2018,3.0
dcs:who/W-MM_Group,dcid:country/WSM,2012,5.0
dcs:who/W-MM_Group,dcid:country/WSM,2020,2.0
dcs:who/W-MM_Group,dcid:country/WSM,2022,4.0
dcs:who/W-MM_Group,dcid:country/YEM,2012,2.0
dcs:who/W-MM_Group,dcid:country/YEM,2018,3.0
dcs:who/W-MM_Group,dcid:country/YEM,2016,2.0
dcs:who/W-MM_Group,dcid:country/YEM,2020,3.0
dcs:who/W-MM_Group,dcid:country/YEM,2010,3.0
dcs:who/W-MM_Group,dcid:country/YEM,2022,2.0
dcs:who/W-MM_Group,dcid:country/YEM,2014,3.0
dcs:who/W-MM_Group,dcid:country/ZAF,2020,4.0
dcs:who/W-MM_Group,dcid:country/ZAF,2014,2.0
dcs:who/W-MM_Group,dcid:country/ZAF,2018,2.0
dcs:who/W-MM_Group,dcid:country/ZAF,2012,2.0
dcs:who/W-MM_Group,dcid:country/ZAF,2022,5.0
dcs:who/W-MM_Group,dcid:country/ZAF,2016,2.0
dcs:who/W-MM_Group,dcid:country/ZAF,2010,2.0
dcs:who/W-MM_Group,dcid:country/ZMB,2014,2.0
dcs:who/W-MM_Group,dcid:country/ZMB,2020,3.0
dcs:who/W-MM_Group,dcid:country/ZMB,2018,2.0
dcs:who/W-MM_Group,dcid:country/ZMB,2012,2.0
dcs:who/W-MM_Group,dcid:country/ZMB,2016,2.0
dcs:who/W-MM_Group,dcid:country/ZMB,2022,2.0
dcs:who/W-MM_Group,dcid:country/ZMB,2010,5.0
dcs:who/W-MM_Group,dcid:country/ZWE,2020,2.0
dcs:who/W-MM_Group,dcid:country/ZWE,2018,2.0
dcs:who/W-MM_Group,dcid:country/ZWE,2014,2.0
dcs:who/W-MM_Group,dcid:country/ZWE,2012,2.0
dcs:who/W-MM_Group,dcid:country/ZWE,2022,2.0
dcs:who/W-MM_Group,dcid:country/ZWE,2016,2.0
dcs:who/W-MM_Group,dcid:country/ZWE,2010,2.0
